job_id,company,job_title,required_degree,preferred_degree,accepted_degrees,required_courses,accepted_courses,preferred_courses,minimum_experience,preferred_experience,required_skills,preferred_skills,job_description
JOB001,Company_Legal_A,Legal Professional / Advocate,NA,LL.B,LL.B|LL.M|B.A. LL.B|BBA LL.B,NA,Law|Legal Studies|Corporate Law,Law,1,NA,Legal Research|Legal Writing|Contract Law|Litigation|Documentation,NA,Role: Legal Professional / Advocate; Preferred degree: LL.B; Accepted degrees: LL.B|LL.M|B.A. LL.B|BBA LL.B; Preferred course: Law; Accepted courses: Law|Legal Studies|Corporate Law; Minimum experience years: 1; Required skills: Legal Research|Legal Writing|Contract Law|Litigation|Documentation
JOB002,Company_Creative_A,Arts / Creative Professional,NA,Bachelor's Degree,Bachelor's Degree|B.A.|BFA|Diploma,NA,Fine Arts|Graphic Design|Visual Arts|Arts|Design,Fine Arts,1,NA,Drawing|Creative Design|Visual Communication|Adobe Photoshop|Illustration,NA,Role: Arts / Creative Professional; Preferred degree: Bachelor's Degree; Accepted degrees: Bachelor's Degree|B.A.|BFA|Diploma; Preferred course: Fine Arts; Accepted courses: Fine Arts|Graphic Design|Visual Arts|Arts|Design; Minimum experience years: 1; Required skills: Drawing|Creative Design|Visual Communication|Adobe Photoshop|Illustration
JOB003,Company_Tech_A,Automation Test Engineer,NA,B.Tech,B.Tech|B.E.|MCA|BCA,NA,Computer Science and Engineering|Information Technology|Computer Applications,Computer Science and Engineering,1,NA,Automation Testing|Selenium|Java|Python|Test Automation,NA,Role: Automation Test Engineer; Preferred degree: B.Tech; Accepted degrees: B.Tech|B.E.|MCA|BCA; Preferred course: Computer Science and Engineering; Accepted courses: Computer Science and Engineering|Information Technology|Computer Applications; Minimum experience years: 1; Required skills: Automation Testing|Selenium|Java|Python|Test Automation
JOB004,Company_Tech_A,Blockchain Developer,NA,B.Tech,B.Tech|B.E.|M.Tech|MCA,NA,Computer Science and Engineering|Information Technology|Blockchain|Computer Applications,Computer Science and Engineering,1,NA,Blockchain|Solidity|Ethereum|Smart Contracts|JavaScript,NA,Role: Blockchain Developer; Preferred degree: B.Tech; Accepted degrees: B.Tech|B.E.|M.Tech|MCA; Preferred course: Computer Science and Engineering; Accepted courses: Computer Science and Engineering|Information Technology|Blockchain|Computer Applications; Minimum experience years: 1; Required skills: Blockchain|Solidity|Ethereum|Smart Contracts|JavaScript
JOB005,Company_Consulting_A,Business Analyst,NA,MBA,MBA|BBA|B.Tech|B.E.,NA,Business Administration|Computer Science and Engineering|Information Technology|Finance,Business Administration,2,NA,Documentation|SQL|Excel|Operations,NA,Role: Business Analyst; Preferred degree: MBA; Accepted degrees: MBA|BBA|B.Tech|B.E.; Preferred course: Business Administration; Accepted courses: Business Administration|Computer Science and Engineering|Information Technology|Finance; Minimum experience years: 2; Required skills: Documentation|SQL|Excel|Operations
JOB006,Company_Engineering_A,Civil Engineer,NA,B.Tech,B.Tech|B.E.|M.Tech,NA,Civil Engineering|Construction Engineering|Structural Engineering,Civil Engineering,1,NA,AutoCAD|Civil Engineering|Construction|Structural Design|Site Supervision,NA,Role: Civil Engineer; Preferred degree: B.Tech; Accepted degrees: B.Tech|B.E.|M.Tech; Preferred course: Civil Engineering; Accepted courses: Civil Engineering|Construction Engineering|Structural Engineering; Minimum experience years: 1; Required skills: AutoCAD|Civil Engineering|Construction|Structural Design|Site Supervision
JOB007,Company_Data_A,Data Scientist,NA,B.Tech,B.Tech|M.Tech|M.Sc,NA,Data Science|Computer Science|Artificial Intelligence|Statistics,Data Science,2,NA,Python|SQL|Machine Learning,NA,Role: Data Scientist; Preferred degree: B.Tech; Accepted degrees: B.Tech|M.Tech|M.Sc; Preferred course: Data Science; Accepted courses: Data Science|Computer Science|Artificial Intelligence|Statistics; Minimum experience years: 2; Required skills: Python|SQL|Machine Learning
JOB008,Company_Data_A,Database Administrator,NA,B.Tech,B.Tech|B.E.|MCA|M.Sc,NA,Computer Science and Engineering|Information Technology|Computer Applications,Computer Science and Engineering,2,NA,SQL|Oracle|Databases|MySQL,NA,Role: Database Administrator; Preferred degree: B.Tech; Accepted degrees: B.Tech|B.E.|MCA|M.Sc; Preferred course: Computer Science and Engineering; Accepted courses: Computer Science and Engineering|Information Technology|Computer Applications; Minimum experience years: 2; Required skills: SQL|Oracle|Databases|MySQL
JOB009,Company_Tech_A,DevOps Engineer,NA,B.Tech,B.Tech|B.E.|M.Tech,NA,Computer Science and Engineering|Information Technology|Computer Engineering,Computer Science and Engineering,2,NA,AWS|Automation|Shell Scripting|Cloud Computing,NA,Role: DevOps Engineer; Preferred degree: B.Tech; Accepted degrees: B.Tech|B.E.|M.Tech; Preferred course: Computer Science and Engineering; Accepted courses: Computer Science and Engineering|Information Technology|Computer Engineering; Minimum experience years: 2; Required skills: AWS|Automation|Shell Scripting|Cloud Computing
JOB010,Company_Tech_A,.NET Developer,NA,B.Tech,B.Tech|B.E.|MCA|BCA,NA,Computer Science and Engineering|Information Technology|Computer Applications,Computer Science and Engineering,1,NA,.NET|C#|ASP.NET|SQL|JavaScript,NA,Role: .NET Developer; Preferred degree: B.Tech; Accepted degrees: B.Tech|B.E.|MCA|BCA; Preferred course: Computer Science and Engineering; Accepted courses: Computer Science and Engineering|Information Technology|Computer Applications; Minimum experience years: 1; Required skills: .NET|C#|ASP.NET|SQL|JavaScript
JOB011,Company_Data_A,ETL Developer,NA,B.Tech,B.Tech|B.E.|MCA|M.Sc,NA,Computer Science and Engineering|Information Technology|Computer Applications,Computer Science and Engineering,2,NA,ETL|Informatica|SQL|Databases,NA,Role: ETL Developer; Preferred degree: B.Tech; Accepted degrees: B.Tech|B.E.|MCA|M.Sc; Preferred course: Computer Science and Engineering; Accepted courses: Computer Science and Engineering|Information Technology|Computer Applications; Minimum experience years: 2; Required skills: ETL|Informatica|SQL|Databases
JOB012,Company_Engineering_A,Electrical Engineer,NA,B.Tech,B.Tech|B.E.|M.Tech,NA,Electrical Engineering|Electrical and Electronics Engineering|Power Engineering,Electrical Engineering,1,NA,Electrical Engineering|MATLAB|AutoCAD|Circuit Design|Power Systems,NA,Role: Electrical Engineer; Preferred degree: B.Tech; Accepted degrees: B.Tech|B.E.|M.Tech; Preferred course: Electrical Engineering; Accepted courses: Electrical Engineering|Electrical and Electronics Engineering|Power Engineering; Minimum experience years: 1; Required skills: Electrical Engineering|MATLAB|AutoCAD|Circuit Design|Power Systems
JOB013,Company_Consulting_A,HR Analyst,NA,MBA,MBA|BBA|M.Com,NA,Human Resources|Business Administration|Commerce,Human Resources,1,NA,Excel|Documentation|HR Management,NA,Role: HR Analyst; Preferred degree: MBA; Accepted degrees: MBA|BBA|M.Com; Preferred course: Human Resources; Accepted courses: Human Resources|Business Administration|Commerce; Minimum experience years: 1; Required skills: Excel|Documentation|HR Management
JOB014,Company_Data_A,Hadoop Developer,NA,B.Tech,B.Tech|B.E.|M.Tech|MCA,NA,Computer Science and Engineering|Information Technology|Data Science|Big Data,Computer Science and Engineering,2,NA,Hadoop|Hive|Spark|Java|SQL,NA,Role: Hadoop Developer; Preferred degree: B.Tech; Accepted degrees: B.Tech|B.E.|M.Tech|MCA; Preferred course: Computer Science and Engineering; Accepted courses: Computer Science and Engineering|Information Technology|Data Science|Big Data; Minimum experience years: 2; Required skills: Hadoop|Hive|Spark|Java|SQL
JOB015,Company_Health_A,Health and Fitness Professional,NA,Bachelor's Degree,Bachelor's Degree|B.Sc|B.P.Ed|Diploma,NA,Health and Fitness|Physical Education|Sports Science|Nutrition,Health and Fitness,1,NA,Fitness Training|Exercise|Nutrition|Health|Wellness,NA,Role: Health and Fitness Professional; Preferred degree: Bachelor's Degree; Accepted degrees: Bachelor's Degree|B.Sc|B.P.Ed|Diploma; Preferred course: Health and Fitness; Accepted courses: Health and Fitness|Physical Education|Sports Science|Nutrition; Minimum experience years: 1; Required skills: Fitness Training|Exercise|Nutrition|Health|Wellness
JOB016,Company_Tech_A,Java Developer,NA,B.Tech,B.Tech|B.E.|M.Tech|MCA,NA,Computer Science and Engineering|Information Technology|Computer Engineering|Computer Applications,Computer Science and Engineering,1,NA,Java|SQL|Spring|Hibernate|J2EE,NA,Role: Java Developer; Preferred degree: B.Tech; Accepted degrees: B.Tech|B.E.|M.Tech|MCA; Preferred course: Computer Science and Engineering; Accepted courses: Computer Science and Engineering|Information Technology|Computer Engineering|Computer Applications; Minimum experience years: 1; Required skills: Java|SQL|Spring|Hibernate|J2EE
JOB017,Company_Engineering_A,Mechanical Engineer,NA,B.Tech,B.Tech|B.E.|M.Tech,NA,Mechanical Engineering|Production Engineering|Manufacturing Engineering,Mechanical Engineering,1,NA,AutoCAD|SolidWorks|Mechanical Design|Manufacturing|CAD,NA,Role: Mechanical Engineer; Preferred degree: B.Tech; Accepted degrees: B.Tech|B.E.|M.Tech; Preferred course: Mechanical Engineering; Accepted courses: Mechanical Engineering|Production Engineering|Manufacturing Engineering; Minimum experience years: 1; Required skills: AutoCAD|SolidWorks|Mechanical Design|Manufacturing|CAD
JOB018,Company_Security_A,Cyber Security Engineer,NA,B.Tech,B.Tech|B.E.|M.Tech|MCA,NA,Cyber Security|Computer Science and Engineering|Information Technology,Cyber Security,2,NA,CISCO|Linux|Python|Networking,NA,Role: Cyber Security Engineer; Preferred degree: B.Tech; Accepted degrees: B.Tech|B.E.|M.Tech|MCA; Preferred course: Cyber Security; Accepted courses: Cyber Security|Computer Science and Engineering|Information Technology; Minimum experience years: 2; Required skills: CISCO|Linux|Python|Networking
JOB019,Company_Consulting_A,Operations Manager,NA,MBA,MBA|BBA|B.Tech|B.E.,NA,Operations Management|Business Administration,Operations Management,4,NA,Operations|Documentation|Excel,NA,Role: Operations Manager; Preferred degree: MBA; Accepted degrees: MBA|BBA|B.Tech|B.E.; Preferred course: Operations Management; Accepted courses: Operations Management|Business Administration; Minimum experience years: 4; Required skills: Operations|Documentation|Excel
JOB020,Company_Consulting_A,PMO Analyst,NA,MBA,MBA|BBA|B.Tech|B.E.,NA,Project Management|Business Administration|Operations Management|Information Technology,Project Management,2,NA,Project Management|Documentation|Excel|Reporting|Stakeholder Management,NA,Role: PMO Analyst; Preferred degree: MBA; Accepted degrees: MBA|BBA|B.Tech|B.E.; Preferred course: Project Management; Accepted courses: Project Management|Business Administration|Operations Management|Information Technology; Minimum experience years: 2; Required skills: Project Management|Documentation|Excel|Reporting|Stakeholder Management
JOB021,Company_Tech_A,Python Developer,NA,B.Tech,B.Tech|B.E.|M.Tech|MCA,NA,Computer Science and Engineering|Information Technology|Data Science|Computer Applications,Computer Science and Engineering,1,NA,Python|SQL|Django|Flask|REST API,NA,Role: Python Developer; Preferred degree: B.Tech; Accepted degrees: B.Tech|B.E.|M.Tech|MCA; Preferred course: Computer Science and Engineering; Accepted courses: Computer Science and Engineering|Information Technology|Data Science|Computer Applications; Minimum experience years: 1; Required skills: Python|SQL|Django|Flask|REST API
JOB022,Company_Data_A,SAP Developer,NA,B.Tech,B.Tech|B.E.|M.Tech|MCA,NA,Computer Science and Engineering|Information Technology|Computer Applications|Business Intelligence,Computer Science and Engineering,2,NA,SAP|SAP HANA|SAP BO|SQL|Business Intelligence,NA,Role: SAP Developer; Preferred degree: B.Tech; Accepted degrees: B.Tech|B.E.|M.Tech|MCA; Preferred course: Computer Science and Engineering; Accepted courses: Computer Science and Engineering|Information Technology|Computer Applications|Business Intelligence; Minimum experience years: 2; Required skills: SAP|SAP HANA|SAP BO|SQL|Business Intelligence
JOB023,Company_Consulting_A,Sales Executive,NA,Bachelor's Degree,Bachelor's Degree|BBA|MBA|B.Com,NA,Business Administration|Marketing|Sales|Commerce,Business Administration,1,NA,Sales|Communication|Customer Relationship Management|Negotiation|Lead Generation,NA,Role: Sales Executive; Preferred degree: Bachelor's Degree; Accepted degrees: Bachelor's Degree|BBA|MBA|B.Com; Preferred course: Business Administration; Accepted courses: Business Administration|Marketing|Sales|Commerce; Minimum experience years: 1; Required skills: Sales|Communication|Customer Relationship Management|Negotiation|Lead Generation
JOB024,Company_Tech_A,Software Tester,NA,B.Tech,B.Tech|B.E.|MCA|BCA,NA,Computer Science and Engineering|Information Technology|Computer Applications,Computer Science and Engineering,1,NA,Software Testing|Manual Testing|Test Cases|SQL|Selenium,NA,Role: Software Tester; Preferred degree: B.Tech; Accepted degrees: B.Tech|B.E.|MCA|BCA; Preferred course: Computer Science and Engineering; Accepted courses: Computer Science and Engineering|Information Technology|Computer Applications; Minimum experience years: 1; Required skills: Software Testing|Manual Testing|Test Cases|SQL|Selenium
JOB025,Company_Creative_A,Web Designer,NA,B.Tech,B.Tech|B.E.|BCA|MCA,NA,Computer Science and Engineering|Information Technology|Web Design|Computer Applications,Computer Science and Engineering,1,NA,HTML|CSS|JavaScript|Bootstrap|Web Design,NA,Role: Web Designer; Preferred degree: B.Tech; Accepted degrees: B.Tech|B.E.|BCA|MCA; Preferred course: Computer Science and Engineering; Accepted courses: Computer Science and Engineering|Information Technology|Web Design|Computer Applications; Minimum experience years: 1; Required skills: HTML|CSS|JavaScript|Bootstrap|Web Design
