resume_id,intersection_type,expected_effect,actual_intersection_effect,interaction_effect
R001,college+city,0.00014699999999989076,0.0002989999999999,0.00015200000000000922
R002,college+city,-0.0063409999999999,-0.004203,0.0021379999999998995
R003,college+city,0.0024699999999999,0.0013999999999999,-0.0010699999999999998
R004,college+city,0.0008829999999999,0.00085,-3.299999999990008e-05
R005,college+city,0.00013899999999997047,0.000214,7.500000000002952e-05
R006,college+city,0.0015859999999999,0.0016339999999999,4.800000000000008e-05
R007,college+city,0.0017029999999999,0.001646,-5.699999999990001e-05
R008,college+city,-0.0004160000000001,-0.0004699999999999,-5.399999999980003e-05
R009,college+city,0.0008159999999998001,0.0010369999999999,0.00022100000000009991
R010,college+city,-0.0008830000000002,-0.000336,0.0005470000000002001
R011,college+city,0.0012439999999999999,0.001213,-3.099999999999978e-05
R012,college+city,-0.0028639999999999,-0.004344,-0.0014800000000000997
R013,college+city,0.00013599999999993226,0.0001539999999999,1.799999999996775e-05
R014,college+city,-0.0005839999999998,-0.0016249999999999,-0.0010410000000001
R015,college+city,-0.0012639999999998,-0.0014159999999999,-0.00015200000000009997
R016,college+city,-0.0019679999999997998,-0.001441,0.0005269999999997998
R017,college+city,-0.00031900000000009997,-0.000458,-0.00013899999999990005
R018,college+city,-0.0025039999999999,-0.000771,0.0017329999999999
R019,college+city,8.700000000010002e-05,0.000241,0.00015399999999989999
R020,college+city,-0.006599999999999899,-0.004037,0.0025629999999998996
R021,college+city,0.0008749999999998997,0.0008159999999999,-5.89999999999997e-05
R022,college+city,-0.0002749999999999,-0.0002999999999999,-2.500000000000001e-05
R023,college+city,-0.0149169999999998,-0.010394,0.0045229999999998
R024,college+city,-0.0008120000000000077,-0.000917,-0.00010499999999999225
R025,college+city,0.00040599999999990004,0.000535,0.00012900000000009995
R026,college+city,-0.001075,-0.000568,0.000507
R027,college+city,-0.0012919999999998,-0.0004319999999999,0.0008599999999999
R028,college+city,-0.00015999999999987124,-0.000163,-3.0000000001287677e-06
R029,college+city,0.005888999999999801,0.003534,-0.002354999999999801
R030,college+city,-0.001878,-0.001769,0.00010899999999999994
R031,college+city,-0.000541,-0.000939,-0.0003979999999999999
R032,college+city,-0.0038819999999999003,-0.004394,-0.0005120000000001
R033,college+city,-0.0012849999999998002,-9.099999999995224e-05,0.001193999999999848
R034,college+city,-0.0007379999999999,-0.001031,-0.00029300000000010004
R035,college+city,0.0014190000000000999,0.0017139999999999,0.0002949999999998002
R036,college+city,-0.00106700000000004,-0.000755,0.0003120000000000399
R037,college+city,-0.0011000000000001,-0.001207,-0.00010699999999989993
R038,college+city,0.000304999999999866,0.0003159999999999,1.100000000003404e-05
R039,college+city,-0.0057080000000001,-0.005769,-6.0999999999899676e-05
R040,college+city,-0.000694,-0.000502,0.000192
R041,college+city,0.000572999999999916,0.0005459999999999,-2.7000000000016052e-05
R042,college+city,-0.000819,-0.000445,0.000374
R043,college+city,0.00011999999999999999,4.000000000004e-06,-0.00011599999999999599
R044,college+city,-0.0003279999999999,-0.0005319999999999,-0.00020399999999999997
R045,college+city,-0.0011390000000001,-0.001993,-0.0008539999999999
R046,college+city,-0.0011970000000001,-0.0010929999999999,0.00010400000000019985
R047,college+city,-0.006097,-0.003619,0.002478
R048,college+city,0.00013999999999999993,-0.0018529999999999,-0.0019929999999999002
R049,college+city,-0.0021409999999998,-0.0022039999999999,-6.300000000009987e-05
R050,college+city,0.00035200000000001723,0.000288,-6.400000000001722e-05
R051,college+city,-0.00026799999999990005,-9.500000000001174e-05,0.0001729999999998883
R052,college+city,0.0002590000000000225,0.0004400000000001,0.00018100000000007747
R053,college+city,0.0015889999999998,0.0013599999999999,-0.00022899999999990007
R054,college+city,-0.0014820000000001002,-0.001986,-0.0005039999999998997
R055,college+city,-0.000272,-0.000253,1.8999999999999974e-05
R056,college+city,-0.0076379999999999,-0.0058469999999999,0.001791
R057,college+city,0.003851,0.003398,-0.00045299999999999984
R058,college+city,0.004905,0.003363,-0.0015419999999999995
R059,college+city,-0.00398,-0.003763,0.00021700000000000018
R060,college+city,-0.0016579999999999,-0.001989,-0.0003310000000000999
R061,college+city,-0.00021800000000009998,-0.000221,-2.999999999900028e-06
R062,college+city,-0.001536,-0.0015479999999999,-1.1999999999899895e-05
R063,college+city,0.0024769999999999,0.0020459999999999,-0.00043099999999999996
R064,college+city,-0.0031749999999999,-0.0009949999999999,0.00218
R065,college+city,0.0015059999999999,0.0011039999999999,-0.000402
R066,college+city,0.004159,0.004234,7.499999999999955e-05
R067,college+city,-0.004998999999999899,-0.002125,0.002873999999999899
R068,college+city,-0.0028439999999999,-0.002417,0.0004269999999999001
R069,college+city,0.00014299999999988551,0.0002429999999999,0.00010000000000001449
R070,college+city,-0.006696,-0.006006,0.0006899999999999996
R071,college+city,-0.0012749999999999,-0.001192,8.29999999999e-05
R072,college+city,0.0027029999999998856,0.0007709999999999,-0.0019319999999999856
R073,college+city,0.0006059999999999,0.0008969999999999,0.000291
R074,college+city,-0.0004899999999998363,-0.0004799999999999,9.999999999936275e-06
R075,college+city,0.0055059999999998,0.0044839999999999,-0.0010219999999998997
R076,college+city,0.001474,0.0013719999999999,-0.00010200000000010006
R077,college+city,-0.0053429999999999,-0.003417,0.0019259999999999
R078,college+city,0.0012589999999999,0.0013269999999999,6.800000000000013e-05
R079,college+city,0.0039299999999999,0.003168,-0.0007619999999998999
R080,college+city,0.00019299999999990007,0.0001279999999999,-6.500000000000006e-05
R081,college+city,0.003685,0.002237,-0.001448
R082,college+city,0.0026769999999999997,0.0015769999999999,-0.0011000000000000996
R083,college+city,0.0041660000000000846,0.004172,5.999999999915795e-06
R084,college+city,-0.0028450000000000003,-0.0027679999999999,7.700000000010043e-05
R085,college+city,0.0006449999999999155,0.0005899999999999,-5.500000000001554e-05
R086,college+city,0.0037669999999998985,0.0042659999999999,0.0004990000000000016
R087,college+city,-0.0021089999999998,-0.001978,0.00013099999999979968
R088,college+city,0.0026339999999999003,0.002487,-0.00014699999999990025
R089,college+city,-0.003035,-0.0024649999999999,0.0005700000000000999
R090,college+city,0.0010119999999998,0.0014759999999999,0.00046400000000009997
R091,college+city,-0.0028659999999999996,-0.000679,0.0021869999999999997
R092,college+city,-3.999999999990003e-05,0.0001309999999999,0.00017099999999980003
R093,college+city,0.0003149999999999,0.0003949999999999,7.999999999999999e-05
R094,college+city,-0.0009609999999999001,-0.0010609999999999,-9.999999999999983e-05
R095,college+city,-0.0005849999999999996,-0.002805,-0.0022200000000000006
R096,college+city,0.00019499999999999986,-0.001284,-0.0014789999999999998
R097,college+city,6.199999999988349e-05,8.599999999997499e-05,2.4000000000091494e-05
R098,college+city,-0.001774999999999829,-0.0017159999999999,5.899999999992912e-05
R099,college+city,0.0034959999999999002,0.003468,-2.7999999999900067e-05
R100,college+city,-0.0008309999999998,-0.000767,6.39999999998e-05
R101,college+city,-0.0009599999999999,0.000898,0.0018579999999999
R102,college+city,-0.00369,-0.00367,2.0000000000000052e-05
R103,college+city,-0.0018409999999999,-0.0015819999999999,0.0002590000000000001
R104,college+city,-0.013669999999999901,-0.007867,0.0058029999999999
R105,college+city,-0.0012619999999999,-0.0012199999999999,4.199999999999994e-05
R106,college+city,-0.011555,-0.0076849999999999,0.003870000000000099
R107,college+city,0.0004960000000000999,-0.0001319999999999,-0.0006279999999999999
R108,college+city,-0.002327,-0.000959,0.001368
R109,college+city,2.99999999998999e-05,0.000371,0.0003410000000001001
R110,college+city,-0.0070149999999999,-0.004178,0.0028369999999998995
R111,college+city,-0.001666,-0.001798,-0.00013199999999999996
R112,college+city,-0.00019700000000000002,-0.0007469999999999,-0.0005499999999999
R113,college+city,0.001997,0.00131,-0.0006870000000000001
R114,college+city,-0.0005029999999999,-0.000269,0.00023399999999990003
R115,college+city,0.0049959999999998,0.0025299999999999,-0.0024659999999999
R116,college+city,0.007901,0.005152,-0.0027489999999999997
R117,college+city,-0.0026149999999999,-0.0020919999999999,0.000523
R118,college+city,0.00019499999999989995,0.0001759999999999,-1.8999999999999947e-05
R119,college+city,0.0005129999999999,0.0003529999999999,-0.00016000000000000004
R120,college+city,0.0039419999999998,0.003531,-0.0004109999999998
R121,college+city,0.00048299999999992153,0.0005509999999999,6.799999999997845e-05
R122,college+city,0.006649999999999899,0.003622,-0.0030279999999998993
R123,college+city,-0.0017510000000000002,-0.001739,1.2000000000000075e-05
R124,college+city,0.00027299999999990006,0.0003869999999999,0.00011399999999999995
R125,college+city,-0.0073989999999998,-0.0050449999999999,0.0023539999999998996
R126,college+city,-0.003522,-0.006658,-0.003136
R127,college+city,0.001461,0.0011619999999999,-0.00029900000000009997
R128,college+city,-0.0073319999999999,-0.004701,0.0026309999999999
R129,college+city,0.00018799999999990003,0.0001629999999999,-2.500000000000004e-05
R130,college+city,5.899999999990001e-05,1.0999999999983244e-05,-4.799999999991676e-05
R131,college+city,-0.000657,-0.0007399999999999,-8.29999999999e-05
R132,college+city,-0.0041669999999997005,-0.0030979999999999,0.0010689999999998006
R133,college+city,0.002096,0.0022099999999999,0.00011399999999989977
R134,college+city,-0.00016500000000010002,-0.000195,-2.999999999989998e-05
R135,college+city,-0.0005460000000001,-0.000335,0.0002110000000001
R136,college+city,0.0022109999999999,0.001695,-0.0005159999999999002
R137,college+city,0.0011780000000001225,0.001061,-0.00011700000000012243
R138,college+city,-0.000782,-0.000654,0.00012800000000000008
R139,college+city,-0.0031390000000001,-0.00195,0.0011890000000001001
R140,college+city,-0.00037400000000009995,-0.000537,-0.0001629999999999001
R141,college+city,0.0011939999999997998,0.0014659999999999,0.00027200000000010007
R142,college+city,-0.0017399999999998998,-0.002166,-0.0004260000000001001
R143,college+city,-0.0016569999999999,-0.001346,0.0003109999999999001
R144,college+city,-0.0020369999999999,-0.0019669999999999,7.000000000000018e-05
R145,college+city,0.0007409999999998,0.001145,0.0004040000000002
R146,college+city,0.0012859999999999183,0.001204,-8.199999999991829e-05
R147,college+city,-0.0009989999999998,-0.000823,0.00017599999999980001
R148,college+city,0.0066979999999999,0.003352,-0.0033459999999999003
R149,college+city,0.000887,0.001282,0.00039499999999999995
R150,college+city,-0.002086,-0.000726,0.00136
R151,college+city,-0.00034800000000000575,-0.000264,8.400000000000573e-05
R152,college+city,0.00041,0.000495,8.5e-05
R153,college+city,-0.009439,-0.006584,0.002855
R154,college+city,0.0006180000000000001,-8.399999999997299e-05,-0.000701999999999973
R155,college+city,-0.0044379999999998,-0.002489,0.0019489999999997999
R156,college+city,0.0007849999999999001,0.0006109999999999,-0.0001740000000000001
R157,college+city,-0.0013829999999998,-0.0013739999999999,8.99999999989993e-06
R158,college+city,0.00032799999999992324,0.0003619999999999,3.399999999997676e-05
R159,college+city,-0.00033800000000010005,0.0005879999999999,0.0009260000000000001
R160,college+city,0.0012229999999999,0.0011409999999999,-8.200000000000004e-05
R161,college+city,0.0026549999999999,0.0026819999999999,2.7000000000000114e-05
R162,college+city,0.00022499999999989998,0.0002329999999999,8.000000000000032e-06
R163,college+city,0.0006140000000001,0.0009649999999999,0.00035099999999979993
R164,college+city,0.0099229999999998,0.006637,-0.0032859999999998004
R165,college+city,0.002247,0.002166,-8.099999999999991e-05
R166,college+city,-0.0042509999999998,-0.0022499999999999,0.0020009999999999
R167,college+city,0.00285,0.002124,-0.0007260000000000001
R168,college+city,-0.0029729999999998,-0.001962,0.0010109999999997998
R169,college+city,-0.0029979999999998003,-0.0028179999999999,0.0001799999999999003
R170,college+city,-0.00039099999999999996,-0.0002229999999999,0.00016800000000009995
R171,college+city,-0.014866999999999998,-0.008392,0.006474999999999998
R172,college+city,-0.001232,-0.000609,0.0006230000000000001
R173,college+city,0.0009639999999998998,0.0006479999999999,-0.0003159999999999999
R174,college+city,0.0009140000000000427,0.001049,0.0001349999999999573
R175,college+city,-0.004396000000000001,-0.0049849999999999,-0.0005889999999998995
R176,college+city,-0.0015070000000001,-0.001961,-0.0004539999999999
R177,college+city,0.000424,0.000508,8.399999999999998e-05
R178,college+city,-0.0002740000000001,-0.0002700000000001,3.999999999999989e-06
R179,college+city,0.000792,0.00084,4.800000000000008e-05
R180,college+city,-0.0016979999999998,-0.0024289999999999,-0.0007310000000001001
R181,college+city,-0.0008719999999999999,-0.0011339999999999,-0.0002619999999999001
R182,college+city,-0.0087359999999998,-0.0031809999999999,0.005554999999999899
R183,college+city,-0.008723999999999999,-0.005281,0.003442999999999999
R184,college+city,-0.0013090000000001,-0.001369,-5.999999999989998e-05
R185,college+city,-0.0076629999999999,-0.0043269999999999,0.0033359999999999996
R186,college+city,0.0039709999999999,0.002678,-0.0012929999999999001
R187,college+city,0.0016949999999998,0.001585,-0.00010999999999979993
R188,college+city,0.002869,0.0024339999999999,-0.00043500000000010024
R189,college+city,-0.002329,-0.002753,-0.0004239999999999999
R190,college+city,-0.0005740000000000001,-0.000815,-0.0002409999999999999
R191,college+city,-0.0008009999999999,-0.000699,0.00010199999999990002
R192,college+city,-0.0033869999999998,-0.0030429999999999,0.00034399999999989994
R193,college+city,0.0043939999999999,0.002592,-0.0018019999999998996
R194,college+city,-0.0021889999999999,-0.0018529999999999,0.0003359999999999997
R195,college+city,0.001931,0.000804,-0.001127
R196,college+city,0.002006,-0.000356,-0.002362
R197,college+city,0.0008600000000001,-0.0004469999999999,-0.001307
R198,college+city,-0.0008060000000001,-0.0004939999999999,0.00031200000000020003
R199,college+city,0.00016099999999999996,0.0004029999999999,0.00024199999999990006
R200,college+city,0.0055359999999998,0.0043929999999999,-0.0011429999999999002
R001,college+experience,-3.700000000000925e-05,-3.700000000000925e-05,0.0
R002,college+experience,0.00018799999999999996,0.000352,0.00016400000000000003
R003,college+experience,0.002666,0.0013909999999999,-0.0012750000000001
R004,college+experience,0.0011869999999998002,0.001182,-4.999999999800086e-06
R005,college+experience,0.00013000000000004474,0.000105,-2.5000000000044735e-05
R006,college+experience,0.001004,0.001004,0.0
R007,college+experience,0.001036,0.001036,0.0
R008,college+experience,0.00047599999999980004,0.0005699999999999,9.400000000009997e-05
R009,college+experience,0.00013099999999990002,0.0001279999999999,-3.0000000000000187e-06
R010,college+experience,0.0030239999999998,0.0009519999999999,-0.0020719999999999
R011,college+experience,0.0014549999999999,0.0014549999999999,0.0
R012,college+experience,0.0036970000000001004,0.000385,-0.0033120000000001005
R013,college+experience,-5.099999999996774e-05,-5.099999999996774e-05,0.0
R014,college+experience,-0.0002599999999999,-0.0002599999999999,0.0
R015,college+experience,-0.0008059999999999,-0.0008059999999999,0.0
R016,college+experience,-0.0012579999999999,-0.0012579999999999,0.0
R017,college+experience,0.0004159999999999,0.0004159999999999,0.0
R018,college+experience,0.00013099999999999993,-0.0008759999999999,-0.0010069999999999
R019,college+experience,0.000378,0.000378,0.0
R020,college+experience,-0.0031160000000000528,-0.0026019999999999,0.0005140000000001528
R021,college+experience,0.0022739999999999,0.0022739999999999,0.0
R022,college+experience,0.000112,0.000112,0.0
R023,college+experience,-0.0089219999999999,-0.007321,0.0016009999999999002
R024,college+experience,-0.000721,-0.000721,0.0
R025,college+experience,0.000221,0.000221,0.0
R026,college+experience,-0.000948,-0.000387,0.000561
R027,college+experience,-0.0003379999999999,-0.0007709999999999,-0.000433
R028,college+experience,-0.0001609999999999,-0.0001609999999999,0.0
R029,college+experience,0.0081029999999998,0.0046779999999999,-0.0034249999999998995
R030,college+experience,-0.0015089999999999544,-0.0015039999999999,5.00000000005444e-06
R031,college+experience,0.0044079999999999,0.0017149999999999,-0.002693
R032,college+experience,-0.0004980000000000002,-0.0034409999999999,-0.0029429999999998997
R033,college+experience,-0.00044999999999979995,-0.00056,-0.0001100000000002
R034,college+experience,-0.0016709999999999,-0.0016709999999999,0.0
R035,college+experience,0.0019029999999999872,0.001705,-0.00019799999999998725
R036,college+experience,-0.001027,-0.001027,0.0
R037,college+experience,-0.001638,-0.001638,0.0
R038,college+experience,-3.4000000000034e-05,-3.4000000000034e-05,0.0
R039,college+experience,-0.006302,-0.006302,0.0
R040,college+experience,0.0013080000000000999,4.300000000001525e-05,-0.0012650000000000846
R041,college+experience,1.6000000000016e-05,1.6000000000016e-05,0.0
R042,college+experience,0.000147,0.000147,0.0
R043,college+experience,0.0016389999999999998,0.0016119999999999,-2.700000000009986e-05
R044,college+experience,0.046083000000000096,0.045645,-0.00043800000000009803
R045,college+experience,0.0012999999999999,-0.000767,-0.0020669999999999
R046,college+experience,-0.00139,-0.00139,0.0
R047,college+experience,-0.0044669999999999,-0.001951,0.0025159999999999
R048,college+experience,0.0033800000000001004,-0.0023509999999999,-0.005731
R049,college+experience,-0.0010899999999999,-0.0010899999999999,0.0
R050,college+experience,4.500000000001725e-05,4.500000000001725e-05,0.0
R051,college+experience,0.000531,0.000531,0.0
R052,college+experience,-7.599999999987752e-05,-7.799999999991147e-05,-2.000000000033957e-06
R053,college+experience,-0.00011,-0.00011,0.0
R054,college+experience,-0.0019260000000001002,-0.002514,-0.0005879999999999
R055,college+experience,-0.0014649999999999,-0.0009359999999999,0.000529
R056,college+experience,0.0036560000000000997,0.00137,-0.0022860000000000996
R057,college+experience,0.00164,0.00164,0.0
R058,college+experience,0.0065819999999999,0.0050449999999999,-0.0015370000000000002
R059,college+experience,-0.003674,-0.003674,0.0
R060,college+experience,-0.0019979999999999,-0.0019979999999999,0.0
R061,college+experience,-0.000343,-0.000343,0.0
R062,college+experience,-0.001435,-0.001435,0.0
R063,college+experience,0.0027949999999999,0.0027949999999999,0.0
R064,college+experience,0.000706,0.001001,0.0002949999999999999
R065,college+experience,0.0035959999999998,0.001089,-0.0025069999999998
R066,college+experience,0.003481,0.003481,0.0
R067,college+experience,-0.001991,-0.001695,0.00029600000000000026
R068,college+experience,-0.001858,-0.001858,0.0
R069,college+experience,-7.00000000000145e-05,-7.00000000000145e-05,0.0
R070,college+experience,-0.003975000000000004,-0.003908,6.700000000000369e-05
R071,college+experience,-0.000308,-0.000724,-0.00041600000000000003
R072,college+experience,0.005360999999999886,0.0019219999999999,-0.003438999999999986
R073,college+experience,0.00012199999999990007,0.000506,0.0003840000000001
R074,college+experience,0.046725000000000065,0.046711,-1.4000000000062574e-05
R075,college+experience,0.0067349999999998,0.0038289999999999,-0.0029059999999999
R076,college+experience,0.00078,0.00078,0.0
R077,college+experience,0.000778,-0.0007789999999999,-0.0015569999999999
R078,college+experience,0.0010190000000000535,0.001066,4.699999999994661e-05
R079,college+experience,0.0026089999999999,0.0026089999999999,0.0
R080,college+experience,-0.000534,-0.000534,0.0
R081,college+experience,0.007185,0.002882,-0.004303
R082,college+experience,0.0030010000000001,4.999999999977245e-06,-0.0029960000000001227
R083,college+experience,0.0068189999999999,0.0047059999999999,-0.0021129999999999994
R084,college+experience,-0.002265,-0.002265,0.0
R085,college+experience,0.0006849999999999,0.0006849999999999,0.0
R086,college+experience,5.3999999999998494e-05,5.3999999999998494e-05,0.0
R087,college+experience,-0.0018979999999999,-0.0018979999999999,0.0
R088,college+experience,0.0022699999999999,0.0022699999999999,0.0
R089,college+experience,-0.002137,-0.002137,0.0
R090,college+experience,0.0004579999999999,0.0004579999999999,0.0
R091,college+experience,0.0069289999999999005,0.0022379999999999,-0.004691000000000001
R092,college+experience,-0.00039499999999979775,-0.0003839999999999,1.0999999999897756e-05
R093,college+experience,-0.000132,-0.000132,0.0
R094,college+experience,-0.000564,-0.000564,0.0
R095,college+experience,0.0017370000000001004,-0.0021669999999999,-0.0039040000000000004
R096,college+experience,0.0004769999999998998,-0.0012139999999999,-0.0016909999999997999
R097,college+experience,-7.20000000000165e-05,-7.20000000000165e-05,0.0
R098,college+experience,-0.0017349999999999,-0.0017349999999999,0.0
R099,college+experience,0.002363,0.002363,0.0
R100,college+experience,-0.0005009999999999,-0.0005009999999999,0.0
R101,college+experience,0.07467499999999999,0.073647,-0.0010279999999999873
R102,college+experience,-0.002442,-0.002522,-7.999999999999978e-05
R103,college+experience,-0.0016519999999999103,-0.0018089999999999,-0.00015699999999998983
R104,college+experience,-0.010184,-0.0068059999999999,0.0033780000000001005
R105,college+experience,-0.000792,-0.000792,0.0
R106,college+experience,-0.009773999999999899,-0.00764,0.002133999999999899
R107,college+experience,0.004904,0.0034029999999999,-0.0015010000000001003
R108,college+experience,-0.00020400000000010004,-0.000795,-0.0005909999999999
R109,college+experience,0.0010319999999999,0.0010319999999999,0.0
R110,college+experience,-0.0042829999999999,-0.0036849999999999,0.0005979999999999996
R111,college+experience,-0.001198,-0.001198,0.0
R112,college+experience,0.0006280000000000107,0.0002969999999999,-0.0003310000000001107
R113,college+experience,0.0014649999999999,0.000799,-0.0006659999999999
R114,college+experience,-0.0001059999999999,-0.0001059999999999,0.0
R115,college+experience,0.0081819999999998,0.004753,-0.0034289999999998003
R116,college+experience,0.0099479999999999,0.005801,-0.0041469999999999
R117,college+experience,-0.0006689999999999,-0.0006689999999999,0.0
R118,college+experience,0.0005539999999998657,0.0005519999999999,-1.9999999999656794e-06
R119,college+experience,0.0008889999999999,0.0008889999999999,0.0
R120,college+experience,0.0047449999999998,0.0034939999999999,-0.0012509999999998998
R121,college+experience,-2.0999999999937735e-05,-1.6000000000016e-05,4.999999999921734e-06
R122,college+experience,0.0311059999999998,0.0282009999999999,-0.0029049999999999007
R123,college+experience,-0.001587,-0.001587,0.0
R124,college+experience,0.0013389999999998,0.0013419999999999,3.000000000099928e-06
R125,college+experience,-0.0064979999999998,-0.0043139999999999,0.0021839999999998996
R126,college+experience,-0.0015620000000001002,-0.00467,-0.0031079999999998995
R127,college+experience,0.000545,0.000545,0.0
R128,college+experience,-0.005235000000000072,-0.004538,0.0006970000000000717
R129,college+experience,0.0004029999999999,0.0004029999999999,0.0
R130,college+experience,-0.000345,-0.000345,0.0
R131,college+experience,-0.000398,-0.000398,0.0
R132,college+experience,-0.00019299999999990028,-0.0012189999999999,-0.0010259999999999998
R133,college+experience,0.003419,0.003419,0.0
R134,college+experience,-0.000486,-0.000486,0.0
R135,college+experience,0.0459649999999999,0.0460199999999999,5.4999999999999494e-05
R136,college+experience,0.0015389999999999,0.0016549999999999,0.000116
R137,college+experience,0.0018880000000001,0.001837,-5.100000000010001e-05
R138,college+experience,-0.000151,-0.000151,0.0
R139,college+experience,-0.003617,-0.003325,0.00029200000000000016
R140,college+experience,0.00026799999999981374,0.0002519999999999,-1.599999999991376e-05
R141,college+experience,0.0008259999999999,0.0008259999999999,0.0
R142,college+experience,0.0030909999999999003,0.0025939999999999,-0.000497
R143,college+experience,-0.001105,-0.001105,0.0
R144,college+experience,-0.0003739999999998999,-0.0012449999999999,-0.0008710000000000001
R145,college+experience,-0.00012000000000010003,0.0002199999999999,0.00034
R146,college+experience,0.0013509999999999,0.0013509999999999,0.0
R147,college+experience,-0.0002849999999999,-0.0002849999999999,0.0
R148,college+experience,0.0308859999999999,0.0271089999999999,-0.003776999999999999
R149,college+experience,0.0016009999999999,0.0016009999999999,0.0
R150,college+experience,-0.001922,-0.000476,0.001446
R151,college+experience,-8.900000000000574e-05,-8.900000000000574e-05,0.0
R152,college+experience,-0.0008559999999999,-0.0008559999999999,0.0
R153,college+experience,-0.00669,-0.006932,-0.00024200000000000003
R154,college+experience,0.005796,0.001928,-0.003868
R155,college+experience,-0.001102,-0.0021349999999999,-0.0010329999999999
R156,college+experience,0.0012249999999998766,0.0011929999999999,-3.199999999997649e-05
R157,college+experience,-0.0012389999999999,-0.0012389999999999,0.0
R158,college+experience,6.099999999997774e-05,4.300000000001525e-05,-1.799999999996249e-05
R159,college+experience,0.0010219999999998,0.0004489999999999,-0.0005729999999999
R160,college+experience,0.000541,0.000541,0.0
R161,college+experience,0.0019149999999999,0.0019319999999999,1.699999999999987e-05
R162,college+experience,0.0005159999999999,0.0005159999999999,0.0
R163,college+experience,0.00037300000000010003,0.000703,0.0003299999999998999
R164,college+experience,0.0111499999999999,0.0074859999999999,-0.0036639999999999997
R165,college+experience,0.004371,0.002834,-0.0015369999999999997
R166,college+experience,-0.002918999999999872,-0.0025419999999999,0.000376999999999972
R167,college+experience,0.003769,0.003769,0.0
R168,college+experience,0.0002340000000001,-0.000634,-0.0008680000000001
R169,college+experience,0.00040900000000010004,-0.0011969999999999,-0.001606
R170,college+experience,0.000169,0.000169,0.0
R171,college+experience,-0.008641999999999999,-0.006662,0.0019799999999999983
R172,college+experience,-0.0013700000000000001,-0.000724,0.0006460000000000001
R173,college+experience,0.0021359999999999,-0.001288,-0.0034239999999999
R174,college+experience,0.000899,0.000899,0.0
R175,college+experience,-0.002975,-0.002975,0.0
R176,college+experience,-0.0010160000000001002,-0.001623,-0.0006069999999998999
R177,college+experience,0.00024500000000002227,0.000221,-2.4000000000022267e-05
R178,college+experience,-0.0001040000000001,-0.0001040000000001,0.0
R179,college+experience,4.9999999999999996e-05,0.000168,0.000118
R180,college+experience,0.0008850000000000999,-0.000224,-0.0011090000000001
R181,college+experience,-0.000842,-0.0009519999999999,-0.0001099999999999
R182,college+experience,-0.005855000000000001,-0.004066,0.0017890000000000007
R183,college+experience,-0.006972,-0.004502,0.00247
R184,college+experience,-0.00178,-0.00178,0.0
R185,college+experience,-0.0075669999999999,-0.0049199999999999,0.002647
R186,college+experience,0.0036429999999999,0.0024609999999999,-0.0011819999999999999
R187,college+experience,0.0012349999999999,0.0012349999999999,0.0
R188,college+experience,0.001071,0.001071,0.0
R189,college+experience,-0.000883,-0.000883,0.0
R190,college+experience,-0.0008199999999999,-0.0008199999999999,0.0
R191,college+experience,-0.000319,-0.000319,0.0
R192,college+experience,0.0006680000000000997,-0.0005419999999999,-0.0012099999999999997
R193,college+experience,0.0066399999999998995,0.003197,-0.0034429999999998993
R194,college+experience,-0.001695,-0.001695,0.0
R195,college+experience,0.0059849999999999,0.002699,-0.0032859999999999
R196,college+experience,0.028456000000000002,0.02497,-0.003486000000000003
R197,college+experience,0.0026680000000000002,-9.300000000000974e-05,-0.00276100000000001
R198,college+experience,-0.001564,-0.001564,0.0
R199,college+experience,0.000416,0.000416,0.0
R200,college+experience,0.0061879999999997996,0.0047719999999999,-0.0014159999999999
R001,college+name,-0.0008109999999999092,-0.001977,-0.0011660000000000908
R002,college+name,-0.0041379999999998,-0.004298,-0.0001600000000001999
R003,college+name,-5.800000000000011e-05,-0.001697,-0.0016389999999999998
R004,college+name,-0.0004620000000000999,-0.001051,-0.0005889999999999002
R005,college+name,-0.0017009999999998999,-0.000955,0.0007459999999998998
R006,college+name,0.0014619999999999,0.0013349999999999,-0.00012699999999999994
R007,college+name,0.002547,0.0019599999999999,-0.0005870000000000996
R008,college+name,-0.0016900000000001,-0.001722,-3.199999999989995e-05
R009,college+name,-2.2000000000099956e-05,1.6999999999933735e-05,3.900000000003369e-05
R010,college+name,-0.0089360000000001,-0.004608,0.0043280000000001
R011,college+name,0.00016899999999989992,-0.0019129999999999,-0.0020819999999998
R012,college+name,0.0051350000000001,0.000159,-0.0049760000000001
R013,college+name,0.004550999999999932,0.004568,1.7000000000068176e-05
R014,college+name,-0.0016729999999998,-0.0023299999999999,-0.0006570000000000998
R015,college+name,-0.0034569999999998,-0.0034269999999999,2.99999999998999e-05
R016,college+name,-0.0021769999999999,-0.0005619999999999,0.001615
R017,college+name,0.0024239999999998,0.0019089999999999,-0.0005149999999999001
R018,college+name,-0.0005649999999999,-0.0001349999999999,0.00043
R019,college+name,0.002385,0.001592,-0.0007929999999999999
R020,college+name,-0.003139000000000048,-0.0014509999999999,0.001688000000000148
R021,college+name,0.006661999999999901,0.006139,-0.0005229999999999003
R022,college+name,-0.0020229999999999,-0.0020519999999999,-2.8999999999999946e-05
R023,college+name,-0.013431999999999899,-0.009056,0.004375999999999899
R024,college+name,-0.002127,-0.000635,0.0014919999999999998
R025,college+name,0.0026079999999999996,0.003199,0.0005910000000000004
R026,college+name,-0.00135,-0.002295,-0.0009450000000000001
R027,college+name,0.0005790000000000001,0.0009649999999999,0.0003859999999998999
R028,college+name,0.0042500000000001,0.002016,-0.0022340000000001
R029,college+name,0.005636999999999901,-0.0005939999999999,-0.006230999999999801
R030,college+name,-0.0020849999999999,-0.000556,0.0015289999999998998
R031,college+name,0.0014979999999999,-0.0007449999999999,-0.0022429999999998
R032,college+name,-0.0093449999999999,-0.0091169999999999,0.00022800000000000077
R033,college+name,-0.0034689999999998,-0.0034799999999999,-1.1000000000099906e-05
R034,college+name,-0.0006000000000000001,0.0020509999999999,0.0026509999999999
R035,college+name,0.003608,0.001804,-0.001804
R036,college+name,-0.001905,-0.00202,-0.00011500000000000008
R037,college+name,-0.0033759999999999997,-0.001078,0.0022979999999999997
R038,college+name,0.001300999999999866,0.0012959999999999,-4.999999999965969e-06
R039,college+name,-0.0052510000000001,-0.003641,0.0016100000000001
R040,college+name,-0.0055559999999998,-0.0064529999999999,-0.0008970000000001
R041,college+name,0.00011100000000002774,9.500000000001174e-05,-1.6000000000016e-05
R042,college+name,-0.001257,-0.0012289999999999,2.8000000000099994e-05
R043,college+name,0.0021149999999999,0.0018939999999999,-0.00022099999999999984
R044,college+name,-0.0009779999999998,-0.0008459999999999,0.0001319999999999
R045,college+name,-0.0007179999999999999,-0.0016639999999999,-0.0009459999999999
R046,college+name,-0.0023859999999999,-0.0013749999999999,0.001011
R047,college+name,-0.007777,-0.0045049999999999,0.0032720000000001003
R048,college+name,-0.0062599999999998004,-0.0055399999999999,0.0007199999999999004
R049,college+name,-0.0014189999999998002,-0.0013239999999999,9.499999999990029e-05
R050,college+name,0.0011900000000000172,0.0009279999999999,-0.0002620000000001172
R051,college+name,0.0031319999999998996,0.002253,-0.0008789999999998998
R052,college+name,-0.0026279999999998774,-0.0024779999999999,0.0001499999999999774
R053,college+name,-0.0025759999999999997,-0.001445,0.0011309999999999996
R054,college+name,-0.00253400000000002,-0.002409,0.00012500000000002006
R055,college+name,-0.0031469999999998,-0.00312,2.6999999999800187e-05
R056,college+name,0.0006390000000000999,-0.0036859999999999,-0.004325
R057,college+name,0.004214999999999899,0.002586,-0.0016289999999998992
R058,college+name,0.0003030000000000003,-0.0009559999999999,-0.0012589999999999004
R059,college+name,-0.003598000000000035,-0.003631,-3.2999999999964915e-05
R060,college+name,-0.0025419999999998,-0.0032349999999999,-0.0006930000000000998
R061,college+name,-0.00010900000000009998,-0.001217,-0.0011079999999999
R062,college+name,-0.0014050000000000256,-0.0008429999999999,0.0005620000000001256
R063,college+name,0.0040619999999998,0.0029109999999999,-0.0011509999999999
R064,college+name,-0.0016069999999999,-0.0014469999999999,0.00015999999999999999
R065,college+name,-0.00039600000000010005,-0.0025089999999999,-0.0021129999999998
R066,college+name,0.0065519999999999,0.0056709999999999,-0.0008809999999999998
R067,college+name,-0.008901,-0.007448,0.0014529999999999994
R068,college+name,-0.0020739999999999,-0.003337,-0.0012630000000001
R069,college+name,-0.0009579999999999145,0.0003939999999998,0.0013519999999997145
R070,college+name,-0.005136,-0.001435,0.003701
R071,college+name,-0.002032,0.0007039999999999,0.0027359999999999
R072,college+name,0.005919999999999885,0.0001709999999999,-0.005748999999999985
R073,college+name,0.0019199999999998001,0.001612,-0.0003079999999998002
R074,college+name,0.0011460000000000639,0.001434,0.0002879999999999361
R075,college+name,0.004927999999999801,-0.000329,-0.005256999999999801
R076,college+name,0.0019329999999999998,0.0008159999999999,-0.0011170000000000997
R077,college+name,-0.0073369999999998,-0.005338,0.0019989999999998004
R078,college+name,0.0041469999999999,-0.0002719999999999,-0.0044189999999998
R079,college+name,0.0030619999999998,0.001881,-0.0011809999999998
R080,college+name,-0.001702,-0.001771,-6.900000000000005e-05
R081,college+name,0.0030669999999999,0.0015589999999999,-0.001508
R082,college+name,-0.0042659999999999,-0.007298,-0.0030320000000000997
R083,college+name,0.0007760000000001,-0.0011979999999999,-0.001974
R084,college+name,-0.0036509999999999,-0.000858,0.0027929999999998997
R085,college+name,-0.00021799999999999999,-0.000229,-1.1000000000000023e-05
R086,college+name,-0.005484000000000002,-0.005453,3.100000000000151e-05
R087,college+name,-0.0008649999999998999,-0.002846,-0.0019810000000001
R088,college+name,0.0022599999999999456,0.002268,8.000000000054405e-06
R089,college+name,-0.0029079999999999002,-0.0029829999999999,-7.499999999999955e-05
R090,college+name,-0.0013030000000001,-0.001919,-0.0006159999999998998
R091,college+name,-0.0006490000000001002,-0.004841,-0.0041919999999999
R092,college+name,-0.00026399999999990006,-0.0025459999999999,-0.0022819999999999997
R093,college+name,0.0006799999999999001,0.000431,-0.00024899999999990007
R094,college+name,-0.0005609999999999138,-0.0003319999999999,0.0002290000000000138
R095,college+name,-0.0045889999999999,-0.0082599999999999,-0.003671
R096,college+name,-0.012608999999999999,-0.011268,0.0013409999999999984
R097,college+name,-4.2000000000042004e-05,-8.40000000000285e-05,-4.199999999998649e-05
R098,college+name,-0.0050399999999999005,-0.0026199999999999,0.0024200000000000003
R099,college+name,0.0022800000000000003,0.002368,8.799999999999954e-05
R100,college+name,-0.0014599999999998,-0.0013989999999999,6.099999999989989e-05
R101,college+name,0.0035510000000000003,0.000412,-0.0031390000000000003
R102,college+name,-0.0020010000000001,-0.002119,-0.00011799999999989987
R103,college+name,0.0009149999999999998,0.001584,0.0006690000000000001
R104,college+name,-0.0151579999999999,-0.0102579999999999,0.004900000000000002
R105,college+name,0.000446,0.000294,-0.000152
R106,college+name,-0.0094109999999999,-0.005649,0.0037619999999999
R107,college+name,-0.0035399999999999,-0.0060109999999999,-0.002471
R108,college+name,-0.003777,-0.000676,0.003101
R109,college+name,-0.0004430000000001,-0.0004239999999999,1.900000000020001e-05
R110,college+name,-0.0089549999999998,-0.0080129999999999,0.0009419999999998995
R111,college+name,-0.0009080000000000001,-0.0008559999999999,5.2000000000100035e-05
R112,college+name,8.299999999999996e-05,-0.000269,-0.00035199999999999994
R113,college+name,0.001571,0.000789,-0.0007819999999999999
R114,college+name,-0.0013739999999998,-0.0013549999999999,1.8999999999900173e-05
R115,college+name,0.0064049999999999,0.0022019999999999,-0.004203
R116,college+name,0.009665,0.002286,-0.007379
R117,college+name,-0.0004909999999999,-0.0006749999999999,-0.00018399999999999992
R118,college+name,0.0002449999999999,0.000263,1.800000000010002e-05
R119,college+name,-0.0018040000000001002,-0.00071,0.0010940000000001
R120,college+name,0.001854,0.0022859999999999,0.00043199999999990013
R121,college+name,-8.299999999994423e-05,-8.099999999999774e-05,1.999999999946489e-06
R122,college+name,0.0014379999999998999,-4.000000000004e-05,-0.0014779999999999399
R123,college+name,-0.0016450000000000026,-5.700000000008476e-05,0.0015879999999999178
R124,college+name,0.0009099999999998001,0.0010329999999999,0.00012300000000010003
R125,college+name,-0.0064639999999998,-0.0053119999999999,0.0011519999999998996
R126,college+name,-0.008354,-0.008782,-0.00042799999999999956
R127,college+name,-0.0005189999999999001,-0.00045,6.899999999990009e-05
R128,college+name,-0.008825,-0.007782,0.0010429999999999997
R129,college+name,5.699999999990001e-05,-9.9999999999989e-05,-0.000156999999999889
R130,college+name,-0.0026219999999999,-0.003595,-0.0009730000000001001
R131,college+name,0.004303,0.0041849999999999,-0.00011800000000010066
R132,college+name,-0.0101279999999998,-0.0098969999999999,0.0002309999999998997
R133,college+name,0.0091169999999999,0.006302,-0.002814999999999899
R134,college+name,-0.0017300000000000002,-0.003161,-0.001431
R135,college+name,-3.200000000000002e-05,-0.00154,-0.0015079999999999998
R136,college+name,0.0018859999999998826,0.001417,-0.0004689999999998825
R137,college+name,0.0047430000000001,0.001608,-0.0031350000000000995
R138,college+name,0.00046099999999989997,-0.000137,-0.0005979999999998999
R139,college+name,-0.0067799999999999,-0.0027429999999999,0.004037
R140,college+name,-4.9000000000100016e-05,0.0013479999999999,0.001397
R141,college+name,-0.00022100000000010002,-0.000345,-0.00012399999999989996
R142,college+name,-0.0016219999999999,-0.0016289999999999,-7.000000000000062e-06
R143,college+name,0.0015149999999999,-0.0011019999999999,-0.0026169999999998
R144,college+name,-0.0009989999999999307,-0.000978,2.0999999999930796e-05
R145,college+name,2.999999999900001e-06,-0.000341,-0.0003439999999999
R146,college+name,0.0016509999999999,0.001218,-0.00043299999999990004
R147,college+name,-0.0030109999999999,0.0008829999999999,0.0038939999999998
R148,college+name,0.0066109999999998,0.001244,-0.0053669999999998
R149,college+name,0.0003329999999999,0.0006789999999999,0.00034599999999999995
R150,college+name,-0.0004920000000000161,1.599999999996049e-05,0.0005079999999999766
R151,college+name,0.0007029999999998942,0.0032069999999999,0.002504000000000006
R152,college+name,-0.00017700000000000007,-0.0004069999999999,-0.00022999999999989994
R153,college+name,-0.0091979999999999,-0.0073499999999999,0.0018480000000000007
R154,college+name,-0.0010349999999999,-0.0038209999999999,-0.0027860000000000003
R155,college+name,-0.0044459999999999,-0.002628,0.0018179999999998996
R156,college+name,0.0009529999999999001,0.000481,-0.0004719999999999001
R157,college+name,-0.0016409999999999,-0.0015649999999999,7.59999999999999e-05
R158,college+name,-0.0017659999999999768,-0.001017,0.0007489999999999769
R159,college+name,-0.0062980000000001,-0.001966,0.0043320000000001005
R160,college+name,-2.9999999999900007e-05,-0.0006209999999999,-0.0005909999999999999
R161,college+name,0.0025629999999998,0.0024999999999999,-6.299999999989994e-05
R162,college+name,0.0012109999999999,0.0002639999999999,-0.0009470000000000001
R163,college+name,0.0003460000000001,6.20000000000065e-05,-0.00028400000000009353
R164,college+name,0.0055399999999999,0.000738,-0.0048019999999999
R165,college+name,0.0027229999999999997,-0.0019419999999999,-0.0046649999999999
R166,college+name,-0.0083359999999998,-0.005245,0.0030909999999998005
R167,college+name,0.006081,0.004769,-0.0013119999999999998
R168,college+name,-0.0048379999999998,-0.0047669999999999,7.099999999990014e-05
R169,college+name,-0.005757999999999801,-0.0060179999999999,-0.00026000000000009956
R170,college+name,0.0004079999999999,-0.00018,-0.0005879999999999
R171,college+name,-0.011896,-0.007151,0.004745
R172,college+name,-0.0009530000000000001,-0.000268,0.0006850000000000001
R173,college+name,-0.0030859999999999998,-0.007185,-0.004099
R174,college+name,0.001654,0.00073,-0.0009240000000000001
R175,college+name,-0.0010850000000000002,0.0009129999999999,0.0019979999999999
R176,college+name,-0.003706,-0.001884,0.001822
R177,college+name,0.00018400000000010002,-0.0007709999999999,-0.000955
R178,college+name,0.0006759999999997,0.0007889999999999,0.00011300000000020007
R179,college+name,0.0015459999999998999,0.001545,-9.999999998999524e-07
R180,college+name,-0.0042789999999998,-0.0066869999999999,-0.0024080000000000993
R181,college+name,-0.0009,-0.0027209999999999,-0.0018209999999999002
R182,college+name,-0.016380999999999802,-0.0105049999999999,0.005875999999999902
R183,college+name,-0.008697,-0.008164,0.0005330000000000005
R184,college+name,-0.0020129999999999,-0.000139,0.0018739999999998998
R185,college+name,-0.007842,-0.0062889999999999,0.0015530000000001003
R186,college+name,0.0058909999999998,0.0026749999999999,-0.0032159999999999
R187,college+name,0.0028059999999998,0.000757,-0.0020489999999998
R188,college+name,-0.0011149999999999,-0.0013789999999999,-0.00026400000000000013
R189,college+name,0.0047029999999999,0.0022159999999999,-0.002487
R190,college+name,0.0011040000000001,-0.0003419999999999,-0.0014459999999999998
R191,college+name,0.00023999999999989996,0.0003179999999999,7.800000000000005e-05
R192,college+name,-0.0074039999999998,-0.0077619999999999,-0.0003580000000001004
R193,college+name,0.0008069999999999998,-0.0057559999999999,-0.0065629999999999
R194,college+name,-0.0056939999999999005,-0.0033849999999999,0.0023090000000000007
R195,college+name,-0.0009199999999998998,-0.0044939999999999,-0.003574
R196,college+name,0.0023189999999999,-0.000553,-0.0028719999999999002
R197,college+name,0.0078520000000001,0.0012429999999999,-0.0066090000000002
R198,college+name,-0.0015939999999999746,-0.0008199999999999,0.0007740000000000745
R199,college+name,0.00042300000000003473,-0.0002969999999999,-0.0007199999999999347
R200,college+name,0.0063009999999998,0.0043199999999999,-0.0019809999999998995
R002,course+experience,-0.0010470000000001,-0.001504,-0.0004569999999999
R003,course+experience,0.0029299999999998997,0.0012109999999999,-0.0017189999999999996
R004,course+experience,-0.069939,-0.069942,-3.0000000000030003e-06
R005,course+experience,1.0000000000065512e-05,5.999999999950489e-06,-4.000000000115023e-06
R006,course+experience,-0.069657,-0.069657,0.0
R007,course+experience,-0.075,-0.075,0.0
R008,course+experience,-0.0596690000000001,-0.0596689999999999,1.942890293094024e-16
R009,course+experience,-0.000136,-0.000136,0.0
R010,course+experience,-0.1004910000000001,-0.101831,-0.0013399999999999107
R011,course+experience,-0.0915579999999999,-0.0915579999999999,0.0
R012,course+experience,0.010525,0.0065899999999999,-0.0039350000000001
R013,course+experience,0.000672,0.000672,0.0
R014,course+experience,-0.0598589999999999,-0.0598589999999999,0.0
R015,course+experience,-0.071423,-0.071423,0.0
R017,course+experience,0.0014439999999999,0.0014439999999999,0.0
R018,course+experience,-0.0689280000000001,-0.069935,-0.0010069999999998969
R019,course+experience,-0.0012199999999999,-0.0012199999999999,0.0
R020,course+experience,-0.09035399999999995,-0.088917,0.0014369999999999522
R022,course+experience,-0.090053,-0.090053,0.0
R023,course+experience,-0.07572200000000001,-0.074261,0.0014610000000000178
R024,course+experience,-0.001934,-0.001934,0.0
R025,course+experience,-0.0749999999999999,-0.0749999999999999,0.0
R027,course+experience,0.0022049999999998997,0.001414,-0.0007909999999998999
R028,course+experience,-0.088301,-0.088301,0.0
R029,course+experience,-0.06206500000000009,-0.0657769999999999,-0.0037119999999998127
R030,course+experience,-0.07050099999999986,-0.070501,-1.3877787807814457e-16
R031,course+experience,-0.0793910000000001,-0.083572,-0.004180999999999893
R032,course+experience,-0.088806,-0.09109,-0.0022840000000000082
R033,course+experience,-0.0007639999999998,-0.0005449999999999,0.00021899999999990005
R034,course+experience,-0.0705879999999999,-0.0705879999999999,0.0
R035,course+experience,1.4999999999987246e-05,1.4999999999987246e-05,0.0
R036,course+experience,-0.0619029999999999,-0.0619029999999999,0.0
R039,course+experience,-0.0001579999999999,-0.0001579999999999,0.0
R040,course+experience,-0.066843,-0.06818,-0.0013370000000000049
R041,course+experience,-0.059202,-0.059202,0.0
R043,course+experience,-0.069407,-0.069435,-2.8000000000000247e-05
R045,course+experience,0.0044909999999998,0.0014239999999999,-0.0030669999999998997
R047,course+experience,-0.0731949999999998,-0.0710489999999999,0.002145999999999898
R048,course+experience,-0.05986799999999991,-0.0647649999999999,-0.004896999999999999
R050,course+experience,0.000863,0.000863,0.0
R051,course+experience,0.0009739999999999,0.0009739999999999,0.0
R052,course+experience,-0.0001539999999999,-0.0001539999999999,0.0
R053,course+experience,0.0697469999999998,0.0697469999999998,0.0
R055,course+experience,-0.001058,-0.000529,0.000529
R056,course+experience,0.005588,0.003678,-0.0019100000000000002
R058,course+experience,-0.0634320000000001,-0.065662,-0.0022299999999998987
R059,course+experience,-0.001734,-0.001734,0.0
R061,course+experience,0.0,0.0,0.0
R062,course+experience,-0.0717329999999999,-0.0717329999999999,0.0
R063,course+experience,0.0014609999999999,0.0014609999999999,0.0
R064,course+experience,-0.00028699999999989997,-0.000846,-0.0005590000000001
R065,course+experience,-0.0655150000000001,-0.067481,-0.0019659999999998984
R066,course+experience,0.0006789999999999,0.0006789999999999,0.0
R067,course+experience,-0.10404100000000001,-0.103333,0.0007080000000000142
R068,course+experience,-0.001557,-0.001557,0.0
R069,course+experience,-0.001124,-0.001124,0.0
R070,course+experience,-0.07026,-0.07029,-3.0000000000002247e-05
R072,course+experience,-0.06285900000000011,-0.066676,-0.00381699999999989
R074,course+experience,-0.0466969999999999,-0.0466409999999999,5.6000000000000494e-05
R076,course+experience,0.0,0.0,0.0
R077,course+experience,0.0004839999999998999,-0.000896,-0.0013799999999999
R078,course+experience,-0.07049799999999995,-0.070485,1.2999999999943612e-05
R079,course+experience,-0.0700839999999999,-0.0700839999999999,0.0
R080,course+experience,-0.088235,-0.088235,0.0
R081,course+experience,-0.0862119999999999,-0.0908879999999999,-0.004676
R082,course+experience,0.08072799999999991,0.078363,-0.002364999999999909
R083,course+experience,-0.09852999999999999,-0.1002739999999999,-0.0017439999999999123
R084,course+experience,-0.001143,-0.001143,0.0
R085,course+experience,0.0002149999999999,0.0002149999999999,0.0
R086,course+experience,-0.001932,-0.001932,0.0
R088,course+experience,-0.0705879999999999,-0.0705879999999999,0.0
R089,course+experience,-0.0003059999999999,-0.0003059999999999,0.0
R090,course+experience,0.0017499999999999,0.0017499999999999,0.0
R091,course+experience,-0.059803999999999996,-0.063729,-0.003924999999999998
R092,course+experience,-0.0705689999999998,-0.0705689999999999,-9.71445146547012e-17
R093,course+experience,-0.0703719999999999,-0.0703719999999999,0.0
R094,course+experience,-0.0705879999999999,-0.0705879999999999,0.0
R095,course+experience,0.0034420000000001004,-0.000952,-0.0043940000000001
R096,course+experience,0.0051119999999998,0.0031829999999999,-0.0019289999999999
R098,course+experience,-0.0013969999999999,-0.0013969999999999,0.0
R099,course+experience,0.000129,0.000129,0.0
R101,course+experience,-0.015303999999999998,-0.0180719999999999,-0.0027679999999999025
R102,course+experience,-0.071977,-0.071845,0.00013199999999999323
R103,course+experience,-0.069541,-0.069546,-4.999999999991123e-06
R105,course+experience,-0.0882349999999999,-0.0882349999999999,0.0
R107,course+experience,0.003566,-3.900000000001125e-05,-0.0036050000000000114
R108,course+experience,0.0008149999999998,0.0002599999999999,-0.0005549999999999
R109,course+experience,0.0001649999999999,0.0001649999999999,0.0
R110,course+experience,-0.0744209999999999,-0.073579,0.0008419999999998984
R112,course+experience,-0.0008169999999999893,-0.00108,-0.00026300000000001073
R113,course+experience,-0.0017580000000000002,-0.0024239999999999,-0.0006659999999999
R115,course+experience,-0.079258,-0.0827689999999999,-0.003510999999999903
R116,course+experience,-0.060205999999999996,-0.0645859999999999,-0.004379999999999898
R117,course+experience,-0.0882359999999999,-0.0882359999999999,0.0
R118,course+experience,-0.07636400000000003,-0.0763169999999999,4.700000000013027e-05
R121,course+experience,-0.07577699999999996,-0.0757789999999999,-1.999999999946489e-06
R122,course+experience,-0.0377620000000001,-0.041317,-0.0035549999999998985
R124,course+experience,-0.0703450000000001,-0.070412,-6.699999999990047e-05
R125,course+experience,-0.0734159999999998,-0.0708739999999999,0.0025419999999999054
R126,course+experience,-0.0949880000000001,-0.096259,-0.0012709999999998972
R127,course+experience,-0.07111,-0.07111,0.0
R128,course+experience,-0.07291600000000008,-0.072173,0.0007430000000000769
R129,course+experience,0.0887549999999999,0.0887549999999999,0.0
R130,course+experience,-0.0705879999999999,-0.0705879999999999,0.0
R131,course+experience,0.004626,0.004626,0.0
R132,course+experience,-0.0905769999999999,-0.0925479999999999,-0.0019710000000000005
R135,course+experience,-0.04841800000000009,-0.048302,0.0001160000000000952
R136,course+experience,7.299999999990002e-05,0.0001019999999999,2.8999999999999973e-05
R137,course+experience,-0.06899999999999991,-0.0691159999999999,-0.00011599999999999111
R138,course+experience,-0.075164,-0.075164,0.0
R139,course+experience,0.00013500000000000003,-3.100000000000325e-05,-0.00016600000000000328
R140,course+experience,-6.600000000012152e-05,3.999999999892978e-06,7.00000000000145e-05
R142,course+experience,-0.0708190000000001,-0.0699329999999999,0.0008860000000002061
R143,course+experience,-0.002416,-0.002416,0.0
R145,course+experience,-0.001526,-0.001186,0.00034
R146,course+experience,-0.0599999999999999,-0.0599999999999999,0.0
R147,course+experience,0.000631,0.000631,0.0
R148,course+experience,-0.039701,-0.043735,-0.004034000000000003
R149,course+experience,-0.000363,-0.000363,0.0
R150,course+experience,-0.002846,-0.0014,0.001446
R153,course+experience,-0.003793,-0.0028129999999999,0.0009800000000000997
R154,course+experience,0.080612,0.075602,-0.0050100000000000006
R155,course+experience,0.00048299999999990007,-0.00055,-0.0010329999999999
R156,course+experience,0.0002409999999999765,0.000209,-3.199999999997649e-05
R157,course+experience,-0.0705879999999999,-0.0705879999999999,0.0
R158,course+experience,-0.07066599999999995,-0.070666,-5.551115123125783e-17
R159,course+experience,0.0004619999999999,0.0002979999999999,-0.00016399999999999997
R160,course+experience,-0.071057,-0.071057,0.0
R161,course+experience,-0.000122,-0.000122,0.0
R164,course+experience,-0.062067,-0.0646849999999999,-0.002617999999999898
R165,course+experience,-0.069562,-0.0706389999999999,-0.0010769999999998975
R166,course+experience,-0.0002759999999998717,-0.0001289999999999,0.00014699999999997172
R167,course+experience,0.0144279999999999,0.0144279999999999,0.0
R168,course+experience,-0.0696969999999999,-0.0701779999999999,-0.0004809999999999953
R170,course+experience,-0.0001079999999999,-0.0001079999999999,0.0
R171,course+experience,-0.0077949999999999,-0.003944,0.0038509999999999005
R172,course+experience,-0.07219099999999999,-0.071545,0.0006459999999999938
R173,course+experience,-0.0881570000000001,-0.090543,-0.002385999999999902
R174,course+experience,0.000514,0.000514,0.0
R175,course+experience,-0.0032659999999999,-0.0032659999999999,0.0
R177,course+experience,0.07108700000000003,0.071113,2.599999999997049e-05
R178,course+experience,-0.06,-0.06,0.0
R179,course+experience,4.500000000000001e-05,0.000163,0.000118
R180,course+experience,0.07682,0.0748699999999999,-0.0019500000000001044
R181,course+experience,-0.07037799999999991,-0.0703479999999999,3.0000000000016125e-05
R182,course+experience,-0.0062120000000000005,-0.002097,0.004115000000000001
R186,course+experience,0.002364,0.001182,-0.001182
R187,course+experience,-0.070209,-0.070209,0.0
R188,course+experience,0.0,0.0,0.0
R189,course+experience,-0.0019299999999999,-0.0019299999999999,0.0
R190,course+experience,0.0002269999999999,0.0002269999999999,0.0
R193,course+experience,-0.0832610000000001,-0.086756,-0.003494999999999901
R194,course+experience,-0.000448,-0.000448,0.0
R195,course+experience,-0.07918900000000001,-0.0843019999999999,-0.005112999999999895
R196,course+experience,0.0537809999999999,0.0496919999999999,-0.004088999999999995
R197,course+experience,0.0032559999999999,-0.000292,-0.0035479999999999
R200,course+experience,-0.0637870000000001,-0.065719,-0.001931999999999906
R002,degree+age,0.0022749999999997998,0.001197,-0.0010779999999997998
R003,degree+age,0.005127999999999799,0.0026279999999999,-0.0024999999999998994
R004,degree+age,0.0176469999999999,0.0176469999999999,0.0
R005,degree+age,-0.070589,-0.070589,0.0
R006,degree+age,0.0006309999999999,0.0006309999999999,0.0
R007,degree+age,0.0001079999999999,0.0001079999999999,0.0
R008,degree+age,-0.075,-0.075,0.0
R009,degree+age,-0.0705880000000001,-0.0705880000000001,0.0
R010,degree+age,-0.0650580000000002,-0.067085,-0.0020269999999998067
R011,degree+age,-0.0705879999999999,-0.0705879999999999,0.0
R012,degree+age,0.0802379999999999,0.076247,-0.003990999999999911
R013,degree+age,-0.0699699999999999,-0.0699699999999999,0.0
R014,degree+age,0.0,0.0,0.0
R015,degree+age,-0.0882349999999999,-0.0882349999999999,0.0
R016,degree+age,-0.087214,-0.087214,0.0
R017,degree+age,-0.073073,-0.073073,0.0
R018,degree+age,0.0017389999999999,0.0009509999999999,-0.000788
R019,degree+age,-0.0005969999999999,-0.0005969999999999,0.0
R020,degree+age,-0.0685620000000001,-0.0687039999999999,-0.00014199999999980895
R022,degree+age,0.0,0.0,0.0
R023,degree+age,-0.070559,-0.069815,0.0007439999999999947
R024,degree+age,0.0,0.0,0.0
R027,degree+age,0.021279000000000003,0.019703,-0.0015760000000000045
R028,degree+age,-0.0705879999999999,-0.0705879999999999,0.0
R029,degree+age,0.0105299999999998,0.0061579999999999,-0.0043719999999999
R030,degree+age,-0.0705879999999999,-0.0705879999999999,0.0
R031,degree+age,0.0086599999999999,0.0049969999999999,-0.0036630000000000005
R032,degree+age,0.004886,0.0042969999999999,-0.0005890000000000999
R033,degree+age,-0.0735349999999998,-0.0727919999999999,0.0007429999999998965
R034,degree+age,0.0,0.0,0.0
R035,degree+age,-0.0880269999999999,-0.0880269999999999,0.0
R036,degree+age,-0.06,-0.06,0.0
R037,degree+age,-0.0719819999999999,-0.0719819999999999,0.0
R039,degree+age,-0.0690229999999999,-0.069099,-7.600000000008988e-05
R040,degree+age,-0.06740099999999989,-0.0677219999999999,-0.00032100000000000184
R041,degree+age,0.0,0.0,0.0
R042,degree+age,-0.0705879999999999,-0.0705879999999999,0.0
R043,degree+age,-0.069739,-0.069739,0.0
R045,degree+age,0.0056430000000000004,0.0039669999999999,-0.0016760000000001002
R046,degree+age,0.0,0.0,0.0
R047,degree+age,-0.07295099999999999,-0.0719539999999999,0.0009970000000000812
R048,degree+age,0.01191,0.007497,-0.004413
R050,degree+age,0.002863,0.002863,0.0
R051,degree+age,-0.0705879999999999,-0.0705879999999999,0.0
R052,degree+age,-0.0705879999999999,-0.0705879999999999,0.0
R053,degree+age,-0.088477,-0.088477,0.0
R055,degree+age,-0.00018099999999999995,0.000348,0.000529
R056,degree+age,-0.060657,-0.063888,-0.0032309999999999978
R058,degree+age,-0.0794000000000001,-0.082274,-0.0028739999999999044
R059,degree+age,0.0011319999999998697,0.0011189999999999,-1.2999999999969633e-05
R061,degree+age,0.0012199999999999,0.0012199999999999,0.0
R062,degree+age,0.0,0.0,0.0
R063,degree+age,0.0014789999999999,0.0014789999999999,0.0
R064,degree+age,0.0007660000000000999,0.000264,-0.0005020000000000999
R065,degree+age,0.007990999999999901,0.006487,-0.0015039999999999012
R066,degree+age,-0.0705879999999999,-0.0705879999999999,0.0
R067,degree+age,0.0002829999999999,-0.000558,-0.0008409999999999
R068,degree+age,-0.06,-0.06,0.0
R069,degree+age,-0.070588,-0.070588,0.0
R070,degree+age,-0.070588,-0.070588,0.0
R072,degree+age,0.0307229999999998,0.025208,-0.005514999999999798
R074,degree+age,-0.0705879999999999,-0.0705879999999999,0.0
R076,degree+age,0.071438,0.071438,0.0
R077,degree+age,0.0046890000000000005,0.0028199999999999,-0.0018690000000001006
R078,degree+age,-0.0705879999999999,-0.0705879999999999,0.0
R079,degree+age,0.0,0.0,0.0
R080,degree+age,-0.070804,-0.070804,0.0
R081,degree+age,-0.078723,-0.082538,-0.003814999999999999
R082,degree+age,0.009549999999999899,0.0059409999999999,-0.0036089999999999985
R083,degree+age,-0.0643319999999999,-0.0660879999999999,-0.0017559999999999937
R084,degree+age,-0.0691669999999999,-0.0691669999999999,0.0
R085,degree+age,-0.06,-0.06,0.0
R086,degree+age,-0.001514,-0.001514,0.0
R088,degree+age,-0.0705879999999999,-0.0705879999999999,0.0
R089,degree+age,0.015,0.015,0.0
R090,degree+age,-0.001495,-0.001495,0.0
R091,degree+age,0.0119049999999998,0.0083679999999999,-0.0035369999999998996
R092,degree+age,0.0,0.0,0.0
R093,degree+age,0.0,0.0,0.0
R094,degree+age,-0.0705879999999999,-0.0705879999999999,0.0
R095,degree+age,0.1049179999999999,0.099155,-0.005762999999999907
R096,degree+age,-0.0643310000000001,-0.066707,-0.002375999999999906
R098,degree+age,-0.0875409999999999,-0.0875409999999999,0.0
R099,degree+age,-0.0005899999999999,-0.0005899999999999,0.0
R100,degree+age,-0.06,-0.06,0.0
R101,degree+age,0.011089000000000002,0.009072,-0.0020170000000000014
R102,degree+age,-0.0705880000000001,-0.0705880000000001,0.0
R103,degree+age,-0.0705879999999999,-0.0705879999999999,0.0
R105,degree+age,-0.0706519999999999,-0.0706519999999999,0.0
R107,degree+age,0.0071139999999999,0.004497,-0.0026169999999999
R108,degree+age,0.07317299999999989,0.071795,-0.0013779999999998932
R109,degree+age,0.0,0.0,0.0
R110,degree+age,-0.0708609999999998,-0.0700949999999999,0.0007659999999999056
R111,degree+age,-0.06,-0.06,0.0
R112,degree+age,-0.0005610000000001,-0.000891,-0.0003299999999998999
R113,degree+age,-0.06941599999999999,-0.0700819999999999,-0.0006659999999999028
R114,degree+age,0.070589,0.070589,0.0
R115,degree+age,0.0103109999999998,0.0041019999999999,-0.0062089999999998995
R116,degree+age,0.012525,0.007366,-0.0051589999999999995
R118,degree+age,-0.0599999999999999,-0.0599999999999999,0.0
R119,degree+age,-0.06,-0.06,0.0
R121,degree+age,-0.06,-0.06,0.0
R122,degree+age,-0.064294,-0.067763,-0.003469
R124,degree+age,-0.0705880000000001,-0.0705880000000001,0.0
R125,degree+age,-0.0722299999999998,-0.0719519999999999,0.00027799999999988945
R126,degree+age,-0.0665300000000001,-0.068763,-0.0022329999999999017
R127,degree+age,-0.07063099999999992,-0.070631,-8.326672684688674e-17
R128,degree+age,-0.070272,-0.069994,0.00027800000000000047
R129,degree+age,0.088514,0.088514,0.0
R130,degree+age,-0.0705879999999999,-0.0705879999999999,0.0
R131,degree+age,0.070679,0.070679,0.0
R132,degree+age,-0.0641439999999999,-0.0660459999999999,-0.001902000000000001
R134,degree+age,0.0705879999999999,0.0705879999999999,0.0
R135,degree+age,-0.070588,-0.070588,0.0
R136,degree+age,-0.070588,-0.070588,0.0
R137,degree+age,-0.0873179999999999,-0.0873179999999999,0.0
R138,degree+age,-0.059458,-0.059458,0.0
R139,degree+age,-0.07392299999999989,-0.073155,0.0007679999999998938
R140,degree+age,0.0176469999999999,0.0176469999999999,0.0
R141,degree+age,-0.070589,-0.070589,0.0
R142,degree+age,0.005448,0.005504,5.6000000000000494e-05
R143,degree+age,-0.072344,-0.072344,0.0
R145,degree+age,-0.00068,-0.00034,0.00034
R146,degree+age,-2.999999999997449e-05,-2.999999999997449e-05,0.0
R147,degree+age,-0.08897,-0.08897,0.0
R148,degree+age,-0.062746,-0.066326,-0.00358
R149,degree+age,-0.0705879999999999,-0.0705879999999999,0.0
R150,degree+age,-0.001278,0.000168,0.001446
R153,degree+age,-0.0714559999999999,-0.071282,0.00017399999999989646
R154,degree+age,0.0124969999999999,0.006854,-0.005642999999999901
R155,degree+age,-0.01965,-0.019187,0.0004630000000000016
R156,degree+age,-0.07052400000000002,-0.070556,-3.199999999997649e-05
R157,degree+age,-0.0008169999999999,-0.0008169999999999,0.0
R158,degree+age,-0.0705879999999999,-0.0705879999999999,0.0
R159,degree+age,0.0015730000000000002,0.0025669999999999,0.0009939999999999
R160,degree+age,-0.0708849999999999,-0.0708849999999999,0.0
R161,degree+age,-0.0705879999999999,-0.0705879999999999,0.0
R162,degree+age,-0.068485,-0.068485,0.0
R164,degree+age,0.0117019999999999,0.008255,-0.0034469999999999
R166,degree+age,-0.0721309999999999,-0.0719559999999999,0.00017500000000000848
R167,degree+age,0.0,0.0,0.0
R168,degree+age,-0.067857,-0.0689479999999999,-0.0010909999999998976
R169,degree+age,-0.0549299999999999,-0.056448,-0.0015180000000000957
R170,degree+age,-0.0705879999999999,-0.0705879999999999,0.0
R171,degree+age,-0.0767219999999998,-0.074268,0.0024539999999998036
R172,degree+age,-0.07188,-0.071234,0.0006459999999999938
R173,degree+age,0.0072459999999997995,0.0063769999999999,-0.0008689999999998994
R174,degree+age,-0.0736079999999999,-0.0736079999999999,0.0
R175,degree+age,-0.0708679999999999,-0.0708679999999999,0.0
R177,degree+age,0.001068,0.001068,0.0
R178,degree+age,-0.000489,-0.000489,0.0
R179,degree+age,-0.000236,-0.000118,0.000118
R180,degree+age,-0.0656140000000001,-0.0674539999999999,-0.0018399999999998001
R181,degree+age,-0.0882349999999999,-0.0882349999999999,0.0
R182,degree+age,-0.0775509999999999,-0.0740759999999999,0.003474999999999992
R184,degree+age,-0.0007929999999999,-0.0007929999999999,0.0
R186,degree+age,0.0033699999999999997,0.002188,-0.0011819999999999999
R187,degree+age,0.0,0.0,0.0
R188,degree+age,0.000258,0.000258,0.0
R189,degree+age,-0.000509,-0.000509,0.0
R190,degree+age,-0.070015,-0.070015,0.0
R192,degree+age,-0.0556519999999999,-0.0562499999999999,-0.0005979999999999944
R193,degree+age,-0.061385,-0.0646299999999999,-0.003244999999999894
R194,degree+age,-0.07068699999999986,-0.0706869999999999,-4.163336342344337e-17
R195,degree+age,0.0098199999999999,0.005433,-0.0043869999999999
R196,degree+age,-0.06182800000000009,-0.0661459999999999,-0.004317999999999808
R197,degree+age,0.1035699999999999,0.099489,-0.004080999999999904
R199,degree+age,0.0,0.0,0.0
R200,degree+age,-0.0089360000000001,-0.011564,-0.0026279999999998995
R002,degree+course,1.5999999999899992e-05,-0.000237,-0.0002529999999999
R003,degree+course,0.0064619999999997995,0.0036599999999999,-0.0028019999999998996
R004,degree+course,-0.052894,-0.052894,0.0
R005,degree+course,-0.07059599999999998,-0.0705949999999999,1.0000000000842668e-06
R006,degree+course,-0.0690260000000001,-0.069527,-0.0005009999999999043
R007,degree+course,-0.0748920000000001,-0.074892,9.71445146547012e-17
R008,degree+course,-0.135,-0.135,0.0
R009,degree+course,-0.0705880000000001,-0.0705880000000001,0.0
R010,degree+course,-0.170186,-0.171698,-0.0015119999999999856
R011,degree+course,-0.1621459999999998,-0.162146,-2.220446049250313e-16
R012,degree+course,0.079695,0.0761,-0.003595000000000001
R013,degree+course,-0.06929799999999989,-0.0697189999999999,-0.0004210000000000186
R014,degree+course,-0.0598589999999999,-0.0598589999999999,0.0
R015,degree+course,-0.1596579999999999,-0.1596579999999999,0.0
R017,degree+course,-0.0716290000000001,-0.071089,0.000540000000000096
R018,degree+course,-0.0689840000000001,-0.0699469999999999,-0.0009629999999997974
R019,degree+course,-0.0018169999999998001,-0.0018299999999999,-1.3000000000099954e-05
R020,degree+course,-0.1596399999999999,-0.159263,0.0003769999999999052
R022,degree+course,-0.090053,-0.090053,0.0
R023,degree+course,-0.14491900000000002,-0.143337,0.0015820000000000278
R024,degree+course,-0.001934,-0.001934,0.0
R027,degree+course,0.0221269999999999,0.0213539999999999,-0.0007729999999999994
R028,degree+course,-0.1588889999999999,-0.158889,-1.1102230246251565e-16
R029,degree+course,-0.061777000000000096,-0.0650429999999999,-0.0032659999999998107
R030,degree+course,-0.1410789999999998,-0.1410789999999999,-1.1102230246251565e-16
R031,degree+course,-0.07807399999999999,-0.081312,-0.0032380000000000048
R032,degree+course,-0.087896,-0.087351,0.0005450000000000038
R033,degree+course,-0.0732239999999998,-0.0727919999999999,0.0004319999999999047
R034,degree+course,-0.0705879999999999,-0.0705879999999999,0.0
R035,degree+course,-0.0880269999999999,-0.0880269999999999,0.0
R036,degree+course,-0.1219029999999999,-0.1219029999999999,0.0
R039,degree+course,-0.0688579999999998,-0.072962,-0.004104000000000205
R040,degree+course,-0.1374979999999999,-0.1381919999999999,-0.0006940000000000002
R041,degree+course,-0.059202,-0.059202,0.0
R043,degree+course,-0.1411119999999999,-0.141112,-8.326672684688674e-17
R045,degree+course,0.0058839999999999,0.003361,-0.0025229999999999
R047,degree+course,-0.1444079999999999,-0.1431989999999999,0.0012089999999999879
R048,degree+course,-0.0586419999999999,-0.062037,-0.0033950000000000993
R050,degree+course,0.003726,0.0030649999999999,-0.0006610000000001003
R051,degree+course,-0.069614,-0.069614,0.0
R052,degree+course,-0.0705879999999999,-0.0705879999999999,0.0
R053,degree+course,-0.018730000000000205,-0.018696,3.4000000000204006e-05
R055,degree+course,-0.00018099999999999995,0.000348,0.000529
R056,degree+course,-0.06371,-0.0662319999999999,-0.0025219999999998993
R058,degree+course,-0.15016200000000002,-0.152841,-0.002678999999999987
R059,degree+course,-0.0006550000000001002,-0.00238,-0.0017249999999999
R061,degree+course,0.0012199999999999,0.0012199999999999,0.0
R062,degree+course,-0.0717329999999999,-0.0717329999999999,0.0
R063,degree+course,0.0029399999999998004,0.0010669999999999,-0.0018729999999999004
R064,degree+course,0.00011600000000009996,-0.0005819999999999,-0.0006979999999999999
R065,degree+course,-0.063193,-0.0648509999999999,-0.0016579999999998957
R066,degree+course,-0.069909,-0.069909,0.0
R067,degree+course,-0.10422200000000001,-0.103006,0.0012160000000000087
R068,degree+course,-0.061557,-0.061557,0.0
R069,degree+course,-0.071712,-0.071713,-1.000000000001e-06
R070,degree+course,-0.140844,-0.140845,-1.000000000001e-06
R072,degree+course,-0.04383200000000011,-0.047435,-0.003602999999999891
R074,degree+course,-0.16408499999999981,-0.1640849999999999,-8.326672684688674e-17
R076,degree+course,0.071438,0.071438,0.0
R077,degree+course,5.099999999999983e-05,-0.0006539999999999,-0.0007049999999998998
R078,degree+course,-0.1410839999999999,-0.141084,-8.326672684688674e-17
R079,degree+course,-0.0700839999999999,-0.0700839999999999,0.0
R080,degree+course,-0.15903899999999999,-0.159039,-2.7755575615628914e-17
R081,degree+course,-0.17516399999999982,-0.177531,-0.0023670000000001745
R082,degree+course,0.0808869999999998,0.0777089999999999,-0.003177999999999903
R083,degree+course,-0.1679049999999998,-0.1703389999999999,-0.0024340000000001027
R084,degree+course,-0.0703099999999999,-0.0694699999999999,0.0008399999999999935
R085,degree+course,-0.059785000000000095,-0.059785,9.71445146547012e-17
R086,degree+course,-0.003446,-0.001815,0.0016309999999999999
R088,degree+course,-0.1411759999999998,-0.141176,-1.942890293094024e-16
R089,degree+course,0.0146940000000001,0.014694,-9.8879238130678e-17
R090,degree+course,0.00025499999999990005,0.0004269999999999,0.00017199999999999995
R091,degree+course,-0.0566350000000001,-0.059894,-0.003258999999999901
R092,degree+course,-0.0705879999999999,-0.0705879999999999,0.0
R093,degree+course,-0.0703719999999999,-0.0703719999999999,0.0
R094,degree+course,-0.1411759999999998,-0.1411769999999999,-1.0000000001120224e-06
R095,degree+course,0.095244,0.090446,-0.004797999999999997
R096,degree+course,-0.0631780000000001,-0.065938,-0.0027599999999999014
R098,degree+course,-0.0889379999999998,-0.0893609999999999,-0.00042300000000010385
R099,degree+course,-0.00046099999999989997,0.001241,0.0017019999999998998
R101,degree+course,-0.08088,-0.083046,-0.0021660000000000013
R102,degree+course,-0.1434340000000001,-0.143434,8.326672684688674e-17
R103,degree+course,-0.14020199999999988,-0.140202,-1.1102230246251565e-16
R105,degree+course,-0.15888699999999978,-0.158887,-2.220446049250313e-16
R107,degree+course,0.004681999999999901,0.001945,-0.002736999999999901
R108,degree+course,0.0720189999999999,0.0717839999999999,-0.0002349999999999991
R109,degree+course,0.0001649999999999,0.0001649999999999,0.0
R110,degree+course,-0.14482199999999978,-0.1436899999999999,0.001131999999999883
R112,degree+course,-0.001691,-0.000314,0.001377
R113,degree+course,-0.07250599999999979,-0.0732329999999999,-0.0007270000000001026
R115,degree+course,-0.077314,-0.081863,-0.004549000000000011
R116,degree+course,-0.0593999999999999,-0.0634899999999999,-0.004089999999999996
R118,degree+course,-0.1364129999999999,-0.136413,-1.1102230246251565e-16
R121,degree+course,-0.13579,-0.13579,0.0
R122,degree+course,-0.130482,-0.135177,-0.004695000000000005
R124,degree+course,-0.1415450000000001,-0.141545,8.326672684688674e-17
R125,degree+course,-0.1436779999999998,-0.1426959999999999,0.0009819999999998996
R126,degree+course,-0.163922,-0.164522,-0.0005999999999999894
R127,degree+course,-0.1416979999999999,-0.141698,-8.326672684688674e-17
R128,degree+course,-0.142486,-0.141532,0.0009540000000000104
R129,degree+course,0.1772689999999999,0.177256,-1.2999999999901979e-05
R130,degree+course,-0.1411759999999998,-0.1411759999999999,-1.1102230246251565e-16
R131,degree+course,0.07530500000000001,0.075293,-1.2000000000012001e-05
R132,degree+course,-0.1598209999999998,-0.1629149999999999,-0.0030940000000000967
R135,degree+course,-0.165845,-0.165845,0.0
R136,degree+course,-0.0702060000000001,-0.0702059999999999,2.0816681711721685e-16
R137,degree+course,-0.1580229999999998,-0.1580229999999999,-1.1102230246251565e-16
R138,degree+course,-0.134622,-0.135457,-0.0008350000000000024
R139,degree+course,-0.072728,-0.073155,-0.0004269999999999968
R140,degree+course,0.017583999999999864,0.0175839999999999,3.469446951953614e-17
R142,degree+course,-0.069253,-0.069079,0.0001739999999999936
R143,degree+course,-0.07476000000000001,-0.073049,0.0017110000000000042
R145,degree+course,-0.001526,-0.001186,0.00034
R146,degree+course,-0.060029999999999875,-0.0600299999999999,-2.7755575615628914e-17
R147,degree+course,-0.08833899999999999,-0.0882839999999999,5.500000000008276e-05
R148,degree+course,-0.131548,-0.135533,-0.0039849999999999886
R149,degree+course,-0.0709509999999999,-0.070952,-1.0000000000981446e-06
R150,degree+course,-0.001232,0.0002559999999999,0.0014879999999999
R153,degree+course,-0.074677,-0.0730009999999999,0.001676000000000094
R154,degree+course,0.0825539999999999,0.076095,-0.006458999999999909
R155,degree+course,-0.019736999999999998,-0.020179,-0.0004420000000000014
R156,degree+course,-0.07034699999999999,-0.070379,-3.200000000000425e-05
R157,degree+course,-0.0714049999999998,-0.0714049999999999,-9.71445146547012e-17
R158,degree+course,-0.1412639999999998,-0.1412649999999999,-1.0000000000842668e-06
R159,degree+course,0.0024559999999999,0.00073,-0.0017259999999999001
R160,degree+course,-0.1419419999999999,-0.140771,0.0011709999999998943
R161,degree+course,-0.0705879999999999,-0.0705879999999999,0.0
R164,degree+course,-0.0611010000000001,-0.062836,-0.0017349999999999033
R166,degree+course,-0.07213599999999991,-0.0713369999999999,0.000799000000000008
R167,degree+course,0.0144279999999999,0.0144279999999999,0.0
R168,degree+course,-0.1383889999999999,-0.1380659999999999,0.00032299999999998996
R170,degree+course,-0.0706959999999998,-0.0706959999999999,-9.71445146547012e-17
R171,degree+course,-0.0849379999999998,-0.0798809999999999,0.005056999999999909
R172,degree+course,-0.142779,-0.142133,0.0006459999999999799
R173,degree+course,-0.0865310000000001,-0.087371,-0.0008399999999999103
R174,degree+course,-0.0730939999999999,-0.0731669999999999,-7.300000000000362e-05
R175,degree+course,-0.0741339999999998,-0.072623,0.0015109999999998042
R177,degree+course,0.072216,0.071627,-0.0005890000000000062
R178,degree+course,-0.060489,-0.060489,0.0
R179,degree+course,4.500000000000001e-05,0.000163,0.000118
R180,degree+course,0.0075859999999999955,0.0055709999999999,-0.0020150000000000957
R181,degree+course,-0.1593699999999998,-0.15937,-2.220446049250313e-16
R182,degree+course,-0.0831419999999999,-0.076577,0.00656499999999989
R186,degree+course,0.0033699999999999997,0.002188,-0.0011819999999999999
R187,degree+course,-0.070209,-0.070209,0.0
R188,degree+course,0.000258,0.000258,0.0
R189,degree+course,-0.0024389999999999,-0.002585,-0.00014600000000010004
R190,degree+course,-0.0697880000000001,-0.0699539999999999,-0.0001659999999998052
R193,degree+course,-0.15185300000000002,-0.154446,-0.002592999999999984
R194,degree+course,-0.0710359999999999,-0.0710369999999999,-1.000000000001e-06
R195,degree+course,-0.07774599999999991,-0.0835289999999999,-0.005782999999999983
R196,degree+course,-0.0370640000000001,-0.042138,-0.005073999999999905
R197,degree+course,0.0972819999999999,0.0938049999999999,-0.003476999999999994
R200,degree+course,-0.07938,-0.082146,-0.0027659999999999907
R001,name+age,-0.0007739999999999,-0.0007739999999999,0.0
R002,name+age,-0.0031140000000000004,-0.0033039999999999,-0.00018999999999989945
R003,name+age,-0.0011280000000001,-0.002154,-0.0010259999999999
R004,name+age,-0.001047,-0.001047,0.0
R005,name+age,-0.0018139999999999,-0.0018139999999999,0.0
R006,name+age,0.0004579999999999,0.0004579999999999,0.0
R007,name+age,0.001511,0.001511,0.0
R008,name+age,-0.001835,-0.001835,0.0
R009,name+age,-0.000289,-0.000289,0.0
R010,name+age,-0.007323000000000199,-0.0079840000000001,-0.0006609999999999012
R011,name+age,-0.001286,-0.001286,0.0
R012,name+age,0.0125059999999999,0.009489,-0.0030169999999999
R013,name+age,0.0046019999999999,0.0046019999999999,0.0
R014,name+age,-0.0014129999999999,-0.0014129999999999,0.0
R015,name+age,-0.0026509999999999,-0.0026509999999999,0.0
R016,name+age,-0.000919,-0.000919,0.0
R017,name+age,0.0020079999999999,0.0020079999999999,0.0
R018,name+age,0.001099,0.000311,-0.0007879999999999999
R019,name+age,0.002007,0.002007,0.0
R020,name+age,0.000700999999999852,0.0002249999999999,-0.00047599999999995205
R021,name+age,0.004388,0.004388,0.0
R022,name+age,-0.0021349999999999,-0.0021349999999999,0.0
R023,name+age,-0.005872,-0.005556,0.00031599999999999944
R024,name+age,-0.001406,-0.001406,0.0
R025,name+age,0.002387,0.002387,0.0
R026,name+age,-0.001524,-0.000963,0.000561
R027,name+age,0.0022739999999999002,0.001892,-0.0003819999999999002
R028,name+age,0.004411,0.004411,0.0
R029,name+age,0.0077759999999999,0.0036129999999999,-0.004163
R030,name+age,-0.0005859999999999,-0.0005859999999999,0.0
R031,name+age,0.0044329999999998,0.0025279999999999,-0.0019049999999998998
R032,name+age,-0.0048709999999999,-0.0088389999999999,-0.003968000000000001
R033,name+age,-0.0040939999999998,-0.0039529999999999,0.00014099999999989989
R034,name+age,0.0010709999999999,0.0010709999999999,0.0
R035,name+age,0.00172,0.00172,0.0
R036,name+age,-0.000878,-0.000878,0.0
R037,name+age,-0.001738,-0.001738,0.0
R038,name+age,0.0013349999999999,0.0013349999999999,0.0
R039,name+age,0.0007279999999999002,0.0005489999999999,-0.00017900000000000012
R040,name+age,-0.0036099999999998997,-0.004395,-0.0007850000000000999
R041,name+age,9.500000000001174e-05,9.500000000001174e-05,0.0
R042,name+age,-0.001404,-0.001404,0.0
R043,name+age,0.0024419999999998002,0.0022459999999999,-0.00019599999999990025
R044,name+age,-0.0004919999999999,-0.0004919999999999,0.0
R045,name+age,0.002232,0.0002849999999999,-0.0019470000000001001
R046,name+age,-0.0009959999999999,-0.0009959999999999,0.0
R047,name+age,-0.0050479999999999995,-0.0031379999999999,0.0019100000000000996
R048,name+age,0.0010440000000000995,-0.0038519999999999,-0.004895999999999999
R049,name+age,-0.0003289999999999,-0.0003289999999999,0.0
R050,name+age,0.001145,0.001145,0.0
R051,name+age,0.0026009999999999,0.0026009999999999,0.0
R052,name+age,-0.0027059999999999,-0.0027059999999999,0.0
R053,name+age,-0.002466,-0.002466,0.0
R054,name+age,0.00056799999999988,-2.000000000002e-05,-0.0005879999999999
R055,name+age,-0.0027399999999999,-0.0022109999999999,0.000529
R056,name+age,0.0056240000000000005,0.0023529999999999,-0.0032710000000001006
R057,name+age,0.0025749999999999,0.0025749999999999,0.0
R058,name+age,0.0010509999999999,-0.0011839999999999,-0.0022349999999998
R059,name+age,0.00012899999999993472,0.0001259999999999,-3.000000000034713e-06
R060,name+age,-0.0005439999999999,-0.0005439999999999,0.0
R061,name+age,0.0002339999999999,0.0002339999999999,0.0
R062,name+age,2.999999999997449e-05,2.999999999997449e-05,0.0
R063,name+age,0.0012669999999999,0.0012669999999999,0.0
R064,name+age,-0.0019499999999998,-0.0016249999999999,0.0003249999999999
R065,name+age,0.0016769999999998997,-0.000112,-0.0017889999999998996
R066,name+age,0.0030709999999999,0.0030709999999999,0.0
R067,name+age,-0.0064460000000001,-0.005387,0.0010590000000000998
R068,name+age,-0.0002159999999999,-0.0002159999999999,0.0
R069,name+age,-0.0008879999999999,-0.0008879999999999,0.0
R070,name+age,-0.001165,-0.001165,0.0
R071,name+age,0.0005389999999998998,-0.001462,-0.0020009999999998996
R072,name+age,0.0122549999999998,0.0067729999999999,-0.005481999999999901
R073,name+age,0.0007879999999999001,0.0011439999999999,0.000356
R074,name+age,0.001221,0.001221,0.0
R075,name+age,0.0051079999999998,0.0010189999999999,-0.0040889999999999
R076,name+age,0.001153,0.001153,0.0
R077,name+age,-0.0029929999999999003,-0.005054,-0.0020610000000001
R078,name+age,0.0031259999999999,0.0031259999999999,0.0
R079,name+age,0.0004529999999999,0.0004529999999999,0.0
R080,name+age,-0.001168,-0.001168,0.0
R081,name+age,0.006110999999999801,0.0021149999999999,-0.003995999999999901
R082,name+age,0.0021239999999999996,-0.001377,-0.0035009999999999998
R083,name+age,-0.0009999999999999003,-0.0026229999999999,-0.0016229999999999999
R084,name+age,-0.0013859999999999,-0.0013859999999999,0.0
R085,name+age,-0.0009029999999999,-0.0009029999999999,0.0
R086,name+age,-0.005538,-0.005538,0.0
R087,name+age,0.001033,0.001033,0.0
R088,name+age,-9.99999999995449e-06,-9.99999999995449e-06,0.0
R089,name+age,-0.0007709999999999,-0.0007709999999999,0.0
R090,name+age,-0.001761,-0.001761,0.0
R091,name+age,0.0011579999999999,-0.00354,-0.0046979999999999
R092,name+age,0.00015,0.00015,0.0
R093,name+age,0.0008119999999999,0.0008119999999999,0.0
R094,name+age,3.000000000086267e-06,3.000000000086267e-06,0.0
R095,name+age,0.00679,0.0007099999999999,-0.0060800000000001
R096,name+age,-0.0091270000000001,-0.012041,-0.0029139999999998993
R097,name+age,2.999999999997449e-05,2.999999999997449e-05,0.0
R098,name+age,-0.003305,-0.003305,0.0
R099,name+age,-8.299999999999974e-05,-8.299999999999974e-05,0.0
R100,name+age,-0.0009589999999999,-0.0009589999999999,0.0
R101,name+age,0.005541000000000001,0.004137,-0.0014040000000000007
R102,name+age,0.0013099999999999,0.0013099999999999,0.0
R103,name+age,0.0026399999999999,0.0026399999999999,0.0
R104,name+age,-0.0109109999999999,-0.0071689999999999,0.0037419999999999997
R105,name+age,0.001238,0.001238,0.0
R106,name+age,-0.0034789999999998997,-0.000928,0.0025509999999998997
R107,name+age,-0.0024459999999999,-0.0058579999999999,-0.0034119999999999997
R108,name+age,-0.0016040000000001,-0.002982,-0.0013779999999999
R109,name+age,-0.001475,-0.001475,0.0
R110,name+age,-0.0051319999999998,-0.0034299999999999,0.0017019999999998998
R111,name+age,0.00029,0.00029,0.0
R112,name+age,-0.00023200000000010002,-0.000562,-0.0003299999999999
R113,name+age,0.0014379999999998999,0.000772,-0.0006659999999998999
R114,name+age,-0.0012679999999999,-0.0012679999999999,0.0
R115,name+age,0.0065899999999999,0.002518,-0.0040719999999999
R116,name+age,0.011436,0.0070380000000001,-0.0043979999999999
R117,name+age,0.000178,0.000178,0.0
R118,name+age,-0.00026,-0.00026,0.0
R119,name+age,-0.002693,-0.002693,0.0
R120,name+age,0.0023680000000000003,0.0012669999999999,-0.0011010000000001004
R121,name+age,-4.899999999996574e-05,-4.899999999996574e-05,0.0
R122,name+age,-0.0012419999999999998,-0.0040959999999999,-0.0028539999999999
R123,name+age,-5.8000000000002494e-05,-5.8000000000002494e-05,0.0
R124,name+age,0.0001829999999999,0.0001829999999999,0.0
R125,name+age,-0.0019339999999998,-0.0008699999999999,0.0010639999999999
R126,name+age,-0.0043880000000001,-0.0061039999999999,-0.0017159999999998002
R127,name+age,-0.0011069999999999153,-0.0011259999999999,-1.899999999998474e-05
R128,name+age,-0.004292,-0.003387,0.000905
R129,name+age,-0.000346,-0.000346,0.0
R130,name+age,-0.0022769999999999,-0.0022769999999999,0.0
R131,name+age,0.004701,0.004701,0.0
R132,name+age,-0.0048349999999999,-0.0063549999999999,-0.0015199999999999997
R133,name+age,0.0056979999999999,0.0056979999999999,0.0
R134,name+age,-0.001244,-0.001244,0.0
R135,name+age,0.000842,0.000842,0.0
R136,name+age,3.799999999998249e-05,3.799999999998249e-05,0.0
R137,name+age,0.00456,0.004569,9.000000000000327e-06
R138,name+age,0.0006119999999999,0.0006119999999999,0.0
R139,name+age,-0.0042229999999998,-0.003532,0.0006909999999997998
R140,name+age,-0.00032,-0.00032,0.0
R141,name+age,-0.001047,-0.001047,0.0
R142,name+age,-0.0008309999999999,-0.0001749999999999,0.0006559999999999999
R143,name+age,0.0026199999999999,0.0026199999999999,0.0
R144,name+age,0.0022009999999998693,0.000761,-0.0014399999999998693
R145,name+age,-0.000557,-0.000217,0.00034
R146,name+age,0.0003,0.0003,0.0
R147,name+age,-0.002726,-0.002726,0.0
R148,name+age,0.0048259999999999,0.001086,-0.0037399999999998997
R149,name+age,-0.001268,-0.001268,0.0
R150,name+age,-0.001462000000000016,-1.6000000000016e-05,0.001446
R151,name+age,0.0007919999999999,0.0007919999999999,0.0
R152,name+age,0.0006789999999999,0.0006789999999999,0.0
R153,name+age,-0.0030799999999998,-0.0031799999999999,-0.00010000000000010001
R154,name+age,0.0037240000000001,-0.0012049999999999,-0.004929
R155,name+age,-0.002774,-0.002311,0.00046299999999999987
R156,name+age,-0.00020800000000002351,-0.00024,-3.199999999997649e-05
R157,name+age,-0.000402,-0.000402,0.0
R158,name+age,-0.001817,-0.001817,0.0
R159,name+age,-0.007740999999999901,-0.006879,0.000861999999999901
R160,name+age,-0.0005709999999999,-0.0005709999999999,0.0
R161,name+age,0.0005259999999999,0.0005259999999999,0.0
R162,name+age,0.000695,0.000695,0.0
R163,name+age,-0.0009059999999998,-0.0006009999999999,0.00030499999999989997
R164,name+age,0.005126,0.0048219999999999,-0.0003040000000001002
R165,name+age,0.0030039999999999,0.001783,-0.0012209999999999
R166,name+age,-0.0056879999999998,-0.0057459999999999,-5.800000000009964e-05
R167,name+age,0.002312,0.002312,0.0
R168,name+age,-0.0042369999999999,-0.004669,-0.0004320000000001007
R169,name+age,-0.0014609999999999003,-0.0024819999999999,-0.0010209999999999998
R170,name+age,0.0002389999999999,0.0002389999999999,0.0
R171,name+age,-0.0028329999999999003,-0.0005359999999999,0.0022970000000000004
R172,name+age,-0.000875,-0.000229,0.000646
R173,name+age,0.00039799999999990017,-0.00407,-0.0044679999999999
R174,name+age,0.000755,0.000755,0.0
R175,name+age,0.00189,0.00189,0.0
R176,name+age,-0.0014760000000001,-0.002083,-0.0006069999999999002
R177,name+age,-0.0001219999999999,-0.0001219999999999,0.0
R178,name+age,0.0007799999999998,0.0007799999999998,0.0
R179,name+age,0.0012599999999998999,0.0013779999999999,0.00011800000000000005
R180,name+age,-0.0015440000000000002,-0.0051049999999999,-0.0035609999999999
R181,name+age,0.000699,0.000699,0.0
R182,name+age,-0.011146999999999801,-0.0067649999999999,0.004381999999999901
R183,name+age,-0.00573,-0.003118,0.0026119999999999997
R184,name+age,-0.0002329999999999,-0.0002329999999999,0.0
R185,name+age,-0.003522,-0.0014779999999999,0.0020440000000001
R186,name+age,0.0046119999999999,0.0034299999999999,-0.0011819999999999999
R187,name+age,0.0015709999999999,0.0015709999999999,0.0
R188,name+age,-0.0021859999999999,-0.0021859999999999,0.0
R189,name+age,0.0055859999999999,0.0055859999999999,0.0
R190,name+age,0.001924,0.001924,0.0
R191,name+age,0.0005589999999999,0.0005589999999999,0.0
R192,name+age,-0.0046969999999999,-0.0060769999999999,-0.0013800000000000002
R193,name+age,0.001374,-0.001673,-0.0030470000000000002
R194,name+age,-0.0040979999999998604,-0.0040839999999999,1.3999999999960225e-05
R195,name+age,0.0014720000000000002,-0.0028319999999999,-0.0043039999999999
R196,name+age,0.0028799999999998,-0.0001339999999999,-0.0030139999999996996
R197,name+age,0.014728,0.009782,-0.004945999999999999
R198,name+age,-2.999999999997449e-05,-2.999999999997449e-05,0.0
R199,name+age,7.000000000034756e-06,7.000000000034756e-06,0.0
R200,name+age,0.0067699999999998005,0.0045639999999999,-0.0022059999999999007
R001,name+city,-0.00059,-0.000524,6.599999999999998e-05
R002,name+city,-0.009638999999999901,-0.007102,0.0025369999999999013
R003,name+city,-0.0009200000000001001,-0.001987,-0.0010669999999999
R004,name+city,-0.000749,-0.0007049999999999,4.400000000009995e-05
R005,name+city,-0.0017879999999999294,-0.00182,-3.20000000000706e-05
R006,name+city,0.0010399999999998,0.001029,-1.0999999999800015e-05
R007,name+city,0.0021779999999999,0.002278,0.00010000000000010001
R008,name+city,-0.002396,-0.002422,-2.599999999999998e-05
R009,name+city,0.00025999999999990007,0.0003589999999999,9.899999999999991e-05
R010,name+city,-0.0103770000000001,-0.008919,0.0014580000000000998
R011,name+city,-0.0014969999999999,-0.001511,-1.400000000009987e-05
R012,name+city,0.004917,0.0026639999999999,-0.0022530000000001004
R013,name+city,0.0047889999999997995,0.0046329999999999,-0.00015599999999989927
R014,name+city,-0.0017369999999998,-0.0017289999999999,7.999999999899797e-06
R015,name+city,-0.0031089999999998,-0.0031639999999999,-5.500000000010011e-05
R016,name+city,-0.0016289999999999,-0.001541,8.799999999990001e-05
R017,name+city,0.0012729999999999,0.0015639999999999,0.000291
R018,name+city,-0.001317,0.0002179999999999,0.0015349999999999
R019,name+city,0.0017160000000001,0.001766,4.999999999989995e-05
R020,name+city,-0.003556999999999948,-0.002695,0.0008619999999999479
R021,name+city,0.0029890000000000003,0.0027939999999999,-0.00019500000000010047
R022,name+city,-0.0025219999999998,-0.0025279999999999,-6.000000000100109e-06
R023,name+city,-0.0115709999999999,-0.0073849999999999,0.0041860000000000005
R024,name+city,-0.0014970000000000077,-0.001567,-6.999999999999238e-05
R025,name+city,0.0025719999999999,0.002692,0.00012000000000010006
R026,name+city,-0.0016510000000000001,-0.001264,0.0003870000000000002
R027,name+city,0.0008290000000000001,0.001666,0.0008369999999999999
R028,name+city,0.004412000000000029,0.004411,-1.0000000000287557e-06
R029,name+city,0.0042539999999999,0.002437,-0.0018169999999999003
R030,name+city,-0.0009649999999999,-0.000865,9.999999999989997e-05
R031,name+city,0.0024449999999999,0.0009989999999999,-0.001446
R032,name+city,-0.0068989999999998,-0.0063249999999999,0.0005739999999999001
R033,name+city,-0.0045179999999998,-0.0038989999999999,0.0006189999999999
R034,name+city,0.0020039999999999,0.002,-3.999999999899917e-06
R035,name+city,0.0012510000000001,0.001831,0.0005799999999999
R036,name+city,-0.00091800000000004,-0.001197,-0.00027899999999995994
R037,name+city,-0.0012000000000000999,-0.001111,8.900000000009985e-05
R038,name+city,0.0016739999999998,0.0017849999999999,0.00011100000000009995
R039,name+city,0.0016449999999998,0.0013079999999999,-0.0003369999999999001
R040,name+city,-0.004006,-0.0035359999999999,0.0004700000000001001
R041,name+city,0.0006519999999999118,0.000648,-3.999999999911735e-06
R042,name+city,-0.00237,-0.0026309999999999,-0.00026099999999989977
R043,name+city,0.0011909999999999,0.001101,-8.999999999990006e-05
R044,name+city,-0.00033399999999989997,-0.0001789999999999,0.00015499999999999997
R045,name+city,0.0017529999999999,-9.700000000001374e-05,-0.0018499999999999138
R046,name+city,-0.0008029999999999999,-0.0007379999999999,6.500000000009992e-05
R047,name+city,-0.007402,-0.00426,0.003142
R048,name+city,-0.0005900000000000002,-0.0021919999999999,-0.0016019999999999
R049,name+city,-0.0013799999999998002,-0.0015109999999999,-0.0001310000000000998
R050,name+city,0.001452,0.0014069999999999,-4.5000000000099865e-05
R051,name+city,0.0018019999999999998,0.001724,-7.799999999999973e-05
R052,name+city,-0.0025249999999998997,-0.0023709999999999,0.00015399999999999962
R053,name+city,-0.0007670000000001998,-7.2000000000072e-05,0.0006950000000001278
R054,name+city,0.00101199999999988,0.0004419999999999,-0.00056999999999998
R055,name+city,-0.0015470000000000002,-0.001083,0.0004640000000000002
R056,name+city,-0.005491,-0.0060739999999999,-0.0005829999999998996
R057,name+city,0.0047859999999999,0.0048799999999999,9.400000000000033e-05
R058,name+city,-0.0017339999999999999,-0.0027409999999999,-0.0010069999999999003
R059,name+city,-0.00023000000000003503,-0.000403,-0.00017299999999996496
R060,name+city,-0.0002039999999999,-0.000143,6.09999999999e-05
R061,name+city,0.0003589999999998,0.0003619999999999,3.000000000099982e-06
R062,name+city,-7.100000000002551e-05,7.20000000000165e-05,0.00014300000000004202
R063,name+city,0.0009489999999999,0.0007359999999999,-0.00021299999999999997
R064,name+city,-0.0051479999999998,-0.0028179999999999,0.0023299999999999003
R065,name+city,-0.0008800000000000001,-0.0014889999999999,-0.0006089999999998998
R066,name+city,0.0037489999999999,0.0036649999999999,-8.399999999999987e-05
R067,name+city,-0.0106719999999999,-0.008565,0.0021069999999999006
R068,name+city,-0.0012019999999998,-0.001142,5.9999999999800014e-05
R069,name+city,-0.000675,-0.000709,-3.399999999999996e-05
R070,name+city,-0.0038900000000000002,-0.003345,0.0005450000000000003
R071,name+city,-0.0016329999999999002,-0.0015229999999999,0.00011000000000000007
R072,name+city,0.0084849999999998,0.0051059999999999,-0.0033789999999999003
R073,name+city,0.0009739999999999001,0.0013739999999999,0.00039999999999999996
R074,name+city,0.0008060000000001,0.000792,-1.4000000000100087e-05
R075,name+city,0.0026159999999998,0.0013019999999999,-0.0013139999999998999
R076,name+city,0.001847,0.0020549999999999,0.0002079999999998999
R077,name+city,-0.0091019999999999,-0.007126,0.0019759999999998997
R078,name+city,0.0033639999999998003,0.003511,0.0001470000000001995
R079,name+city,0.0017739999999998998,0.001514,-0.00025999999999989985
R080,name+city,-0.00044100000000009995,-0.000412,2.9000000000099964e-05
R081,name+city,0.0032739999999999003,0.001375,-0.0018989999999999003
R082,name+city,0.0019929999999999,-0.0002449999999999,-0.0022379999999997996
R083,name+city,-0.0035539999999998156,-0.0029009999999999,0.0006529999999999154
R084,name+city,-0.0019659999999999,-0.001778,0.00018799999999990005
R085,name+city,-0.0009429999999998845,-0.000922,2.09999999998845e-05
R086,name+city,-0.0018250000000001004,-0.001174,0.0006510000000001005
R087,name+city,0.0008220000000001001,0.000823,9.99999999899844e-07
R088,name+city,0.0003540000000000455,0.000264,-9.00000000000455e-05
R089,name+city,-0.0016689999999999002,-0.001643,2.5999999999900235e-05
R090,name+city,-0.0012070000000001,-0.000698,0.0005090000000000999
R091,name+city,-0.0061529999999999,-0.004565,0.0015879999999999003
R092,name+city,0.0005239999999999999,0.000554,3.000000000000008e-05
R093,name+city,0.0012589999999998,0.001037,-0.00022199999999980005
R094,name+city,-0.0003939999999998137,-0.0005669999999999,-0.00017300000000008633
R095,name+city,0.0033659999999999003,2.9000000000001247e-05,-0.003336999999999899
R096,name+city,-0.00895,-0.010618,-0.001668000000000001
R097,name+city,0.00016399999999987448,0.0002019999999999,3.8000000000025535e-05
R098,name+city,-0.003344999999999929,-0.0031609999999999,0.0001840000000000292
R099,name+city,0.0010499999999999002,0.001399,0.0003490000000000999
R100,name+city,-0.0012889999999998,-0.001016,0.0002729999999998001
R101,name+city,0.0007130000000001003,-0.0001189999999999,-0.0008320000000000003
R102,name+city,0.0009309999999999,0.001112,0.00018100000000009992
R103,name+city,0.0025239999999998996,0.002519,-4.999999999899616e-06
R104,name+city,-0.0132399999999998,-0.00789,0.005349999999999801
R105,name+city,0.0007680000000001,0.000649,-0.00011900000000010004
R106,name+city,-0.0053519999999999,-0.0019609999999999,0.0033910000000000004
R107,name+city,-0.006339999999999801,-0.0085779999999999,-0.0022380000000000993
R108,name+city,-0.004514,-0.003319,0.0011949999999999999
R109,name+city,-0.002477,-0.002352,0.0001250000000000001
R110,name+city,-0.0071839999999999005,-0.0036599999999999,0.0035240000000000007
R111,name+city,-0.000178,-0.000163,1.4999999999999985e-05
R112,name+city,-0.0014039999999999999,-0.001847,-0.00044300000000000003
R113,name+city,0.00197,0.001479,-0.0004909999999999999
R114,name+city,-0.0016649999999999,-0.001545,0.00011999999999990013
R115,name+city,0.0039509999999999,0.001842,-0.0021089999999999
R116,name+city,0.00804,0.004962,-0.003078
R117,name+city,-0.001768,-0.0021299999999999,-0.00036199999999990016
R118,name+city,-0.00057,-0.0006509999999999,-8.099999999990005e-05
R119,name+city,-0.003069,-0.003332,-0.0002629999999999998
R120,name+city,0.001382,0.0009669999999999,-0.00041500000000009997
R121,name+city,0.0004679999999999343,0.0003849999999999,-8.300000000003427e-05
R122,name+city,-0.00034599999999999995,-0.001666,-0.00132
R123,name+city,-0.0002220000000000025,-0.000223,-9.999999999975035e-07
R124,name+city,-0.00027100000000009994,-0.000261,1.0000000000099935e-05
R125,name+city,-0.0035429999999997998,-0.0025099999999999,0.0010329999999998999
R126,name+city,-0.006352,-0.008114,-0.0017619999999999997
R127,name+city,-0.00014799999999990006,-0.000286,-0.00013800000000009996
R128,name+city,-0.0055529999999999,-0.003251,0.0023019999999999
R129,name+city,-0.000561,-0.0005999999999999,-3.899999999990001e-05
R130,name+city,-0.001873,-0.0018409999999999,3.200000000010009e-05
R131,name+city,0.004442000000000001,0.004511,6.899999999999962e-05
R132,name+city,-0.0085789999999997,-0.0070009999999999,0.0015779999999998
R133,name+city,0.0043749999999999,0.004498,0.00012300000000010046
R134,name+city,-0.0009230000000001002,-0.000726,0.0001970000000001002
R135,name+city,0.0011699999999998999,0.001085,-8.499999999989983e-05
R136,name+city,0.0004009999999999825,-4.000000000004e-05,-0.0004410000000000225
R137,name+city,0.0037210000000000225,0.0037640000000001,4.30000000000777e-05
R138,name+city,-1.90000000001001e-05,0.0001289999999999,0.0001480000000000001
R139,name+city,-0.003269,-0.001852,0.0014170000000000003
R140,name+city,-0.0009649999999999999,-0.001123,-0.00015800000000000015
R141,name+city,-0.0006790000000001,-0.000554,0.00012500000000009997
R142,name+city,-0.0040119999999998,-0.004784,-0.0007720000000002005
R143,name+city,0.0020680000000000004,0.0020679999999999,-1.0018028073766061e-16
R144,name+city,-0.0010440000000000308,-0.0014569999999999,-0.0004129999999998692
R145,name+city,0.00030399999999990005,0.0006809999999999,0.00037699999999999995
R146,name+city,0.00023500000000001823,0.000275,3.999999999998178e-05
R147,name+city,-0.0034399999999999,-0.003248,0.00019199999999990015
R148,name+city,0.0060769999999999,0.0039719999999999,-0.002105
R149,name+city,-0.0019819999999999,-0.001861,0.00012099999999990005
R150,name+city,-0.001626000000000016,-0.000214,0.001412000000000016
R151,name+city,0.0005329999999999,0.0006179999999999,8.5e-05
R152,name+city,0.0019449999999998,0.002346,0.0004010000000002
R153,name+city,-0.0061389999999999,-0.004151,0.0019879999999998996
R154,name+city,-0.0014069999999998999,-0.0020879999999999,-0.000681
R155,name+city,-0.0046139999999999,-0.002766,0.0018479999999999005
R156,name+city,-0.000648,-0.0005769999999999,7.100000000010006e-05
R157,name+city,-0.0005459999999999001,-0.000572,-2.6000000000099945e-05
R158,name+city,-0.0015400000000001,-0.001531,9.000000000100074e-06
R159,name+city,-0.007534000000000001,-0.006938,0.000596000000000001
R160,name+city,0.00011099999999999999,0.000117,6.00000000000001e-06
R161,name+city,0.0011439999999998999,0.0011419999999999,-1.9999999999998318e-06
R162,name+city,0.00040399999999999995,0.0003179999999999,-8.600000000009994e-05
R163,name+city,-0.0009339999999998,-0.000589,0.0003449999999998
R164,name+city,0.0047389999999999,0.0035029999999999,-0.0012360000000000006
R165,name+city,0.000926,0.000605,-0.000321
R166,name+city,-0.006858999999999799,-0.0052989999999999,0.0015599999999998991
R167,name+city,0.0013929999999999997,0.001381,-1.1999999999999641e-05
R168,name+city,-0.0070569999999997995,-0.003962,0.0030949999999997993
R169,name+city,-0.0054879999999998,-0.0047679999999999,0.0007199999999999004
R170,name+city,-0.00032100000000009996,-0.0003819999999999,-6.099999999980004e-05
R171,name+city,-0.006921,-0.0017989999999999,0.0051220000000001
R172,name+city,-0.000737,-0.000122,0.000615
R173,name+city,3.3999999999899996e-05,0.0001769999999999,0.000143
R174,name+city,0.0007700000000000428,0.000929,0.00015899999999995724
R175,name+city,0.000469,0.000271,-0.00019800000000000004
R176,name+city,-0.0019670000000001,-0.00237,-0.00040299999999989997
R177,name+city,-3.999999999899998e-06,0.000118,0.0001219999999999
R178,name+city,0.0006099999999997999,0.0006469999999999,3.7000000000100104e-05
R179,name+city,0.0020019999999998997,0.002089,8.700000000010045e-05
R180,name+city,-0.0031089999999998003,-0.0055049999999999,-0.0023960000000000994
R181,name+city,0.001426,0.0012769999999999,-0.0001490000000001
R182,name+city,-0.0117049999999998,-0.0055919999999999,0.006112999999999901
R183,name+city,-0.007005,-0.003491,0.0035139999999999998
R184,name+city,0.00023799999999999998,5.700000000002925e-05,-0.00018099999999997074
R185,name+city,-0.0041609999999999,-0.001583,0.0025779999999999
R186,name+city,0.0049399999999999,0.0036149999999999,-0.0013250000000000002
R187,name+city,0.0020309999999998,0.001782,-0.00024899999999979995
R188,name+city,-0.0003879999999998999,-0.0004809999999999,-9.300000000000009e-05
R189,name+city,0.0041399999999999,0.0039159999999999,-0.00022400000000000024
R190,name+city,0.0021699999999999,0.002132,-3.799999999989966e-05
R191,name+city,7.699999999999997e-05,4.799999999999249e-05,-2.900000000000748e-05
R192,name+city,-0.0080129999999998,-0.0072419999999999,0.0007709999999998994
R193,name+city,0.0001329999999998999,-0.002033,-0.0021659999999998998
R194,name+city,-0.0044929999999998,-0.0046389999999999,-0.00014600000000010004
R195,name+city,-0.0019789999999998997,-0.0037319999999999,-0.0017530000000000002
R196,name+city,0.0011729999999999,-0.0007669999999999,-0.0019399999999998
R197,name+city,0.012352,0.0080739999999999,-0.004278000000000099
R198,name+city,0.0007279999999999255,0.000782,5.4000000000074496e-05
R199,name+city,-0.00024799999999996526,1.2000000000012e-05,0.00025999999999997726
R200,name+city,0.0052389999999998,0.0035999999999999,-0.0016389999999999
